8;de;1;/;Anbau an Tischtiefe 1000 mm (AE0510)
8;en;1;/;Extension to table depth 1000 mm (AE0510)
8;fr;1;/;Annexe à la profondeur de la table 1000 mm (AE0510)
8;nl;1;/;Aanbouw aan tafeldiepte 1000 mm (AE0510)
9;de;1;/;Anbau an Tischtiefe 900 mm (AE0590)
9;en;1;/;Extension to table depth 900 mm (AE0590)
9;fr;1;/;Annexe à la profondeur de la table 900 mm (AE0590)
9;nl;1;/;Aanbouw aan tafeldiepte 900 mm (AE0590)
10;de;1;/;Furnier (FU_QM)
10;en;1;/;Veneer (FU_QM)
10;fr;1;/;Placage (FU_QM)
10;nl;1;/;Fineer (FU_QM)
11;de;1;/;Kunststoff Fenix (HPL_QM)
11;en;1;/;Melamine Fenix (HPL_QM)
11;fr;1;/;Mélamine Fenix (HPL_QM)
11;nl;1;/;Kunststof Fenix (HPL_QM)
12;de;1;/;Kunststoff Fenix (MDF19_QM)
12;en;1;/;Melamine Fenix (MDF19_QM)
12;fr;1;/;Mélamine Fenix (MDF19_QM)
12;nl;1;/;Kunststof Fenix (MDF19_QM)
13;de;1;/;Platteneckenradius (PRD2)
13;en;1;/;Top corner radius (PRD2)
13;fr;1;/;Rayon d’angle de plateau (PRD2)
13;nl;1;/;Bladhoekradius (PRD2)
14;de;1;/;Plattenstärke 13 mm (PS13)
14;en;1;/;Top thickness 13 mm (PS13)
14;fr;1;/;Épaisseur de plateau 13 mm (PS13)
14;nl;1;/;Bladdikte 13 mm (PS13)
15;de;1;/;Trendkollektion (TD1_QM)
15;en;1;/;Trend collection (TD1_QM)
15;fr;1;/;Collection de tendances (TD1_QM)
15;nl;1;/;Trend collectie (TD1_QM)
99;de;1;/;Ausführung organic (ADS2)
99;en;1;/;Version organic (ADS2)
99;fr;1;/;Version organic (ADS2)
99;nl;1;/;Uitvoering organic (ADS2)
107;de;1;/;Manschette Alu poliert (AP35)
107;en;1;/;Collar polished aluminium (AP35)
107;fr;1;/;Manchette aluminium poli (AP35)
107;nl;1;/;Manchet gepolijst aluminium (AP35)
108;de;1;/;Bedienfeld mit Memory (DY1)
108;en;1;/;Control with memory (DY1)
108;fr;1;/;Commande avec fonction mémoire (DY1)
108;nl;1;/;Bedienveld met geheugen (DY1)
109;de;1;/;Wippschalter Auf-Ab (DY11)
109;en;1;/;up/down rocker switch (DY11)
109;fr;1;/;Interrupteur à bascule montée/descente (DY11)
109;nl;1;/;op-en-neer tuimelschakelaar (DY11)
110;de;1;/;Bedienfeld ohne Memory (DY5)
110;en;1;/;Control without memory (DY5)
110;fr;1;/;Commande sans fonction mémoire (DY5)
110;nl;1;/;Bedienveld zonder geheugen (DY5)
111;de;1;/;Elektrifizierung (E01)
111;en;1;/;Electrification (E01)
111;fr;1;/;Électrification (E01)
111;nl;1;/;Elektrificatie (E01)
112;de;1;/;Elektrifizierung (E02)
112;en;1;/;Electrification (E02)
112;fr;1;/;Électrification (E02)
112;nl;1;/;Elektrificatie (E02)
113;de;1;/;Elektrifizierung (E03)
113;en;1;/;Electrification (E03)
113;fr;1;/;Électrification (E03)
113;nl;1;/;Elektrificatie (E03)
114;de;1;/;Elektrifizierung (E21)
114;en;1;/;Electrification (E21)
114;fr;1;/;Électrification (E21)
114;nl;1;/;Elektrificatie (E21)
115;de;1;/;Elektrifizierung (E22)
115;en;1;/;Electrification (E22)
115;fr;1;/;Électrification (E22)
115;nl;1;/;Elektrificatie (E22)
116;de;1;/;Fußausleger (FSD1)
116;en;1;/;Cantilever foot (FSD1)
116;fr;1;/;Patte (FSD1)
116;nl;1;/;Voetsteun (FSD1)
117;de;1;/;Fußausleger (FSD10)
117;en;1;/;Cantilever foot (FSD10)
117;fr;1;/;Patte (FSD10)
117;nl;1;/;Voetsteun (FSD10)
118;de;1;/;Fußausleger (FSD11)
118;en;1;/;Cantilever foot (FSD11)
118;fr;1;/;Patte (FSD11)
118;nl;1;/;Voetsteun (FSD11)
119;de;1;/;Fußausleger (FSD15)
119;en;1;/;Cantilever foot (FSD15)
119;fr;1;/;Patte (FSD15)
119;nl;1;/;Voetsteun (FSD15)
120;de;1;/;Fußausleger (FSD16)
120;en;1;/;Cantilever foot (FSD16)
120;fr;1;/;Patte (FSD16)
120;nl;1;/;Voetsteun (FSD16)
121;de;1;/;Fußausleger (FSD21)
121;en;1;/;Cantilever foot (FSD21)
121;fr;1;/;Patte (FSD21)
121;nl;1;/;Voetsteun (FSD21)
122;de;1;/;Fußausleger (FSD3)
122;en;1;/;Cantilever foot (FSD3)
122;fr;1;/;Patte (FSD3)
122;nl;1;/;Voetsteun (FSD3)
123;de;1;/;Chrom (GC20)
123;en;1;/;Chrome (GC20)
123;fr;1;/;Chrome (GC20)
123;nl;1;/;Chroom (GC20)
124;de;1;/;Chrom (GC31)
124;en;1;/;Chrome (GC31)
124;fr;1;/;Chrome (GC31)
124;nl;1;/;Chroom (GC31)
125;de;1;/;Chrom (GC36)
125;en;1;/;Chrome (GC36)
125;fr;1;/;Chrome (GC36)
125;nl;1;/;Chroom (GC36)
126;de;1;/;Chrom (GC37)
126;en;1;/;Chrome (GC37)
126;fr;1;/;Chrome (GC37)
126;nl;1;/;Chroom (GC37)
127;de;1;/;A-Fuß Gestelldesign (GTC1)
127;en;1;/;A-leg frame design (GTC1)
127;fr;1;/;Pied-A design de piétement (GTC1)
127;nl;1;/;A-poot ondersteldesign (GTC1)
128;de;1;/;A-Fuß Gestelldesign (GTC2)
128;en;1;/;A-leg frame design (GTC2)
128;fr;1;/;Pied-A design de piétement (GTC2)
128;nl;1;/;A-poot ondersteldesign (GTC2)
129;de;1;/;A-Fuß Gestelldesign (GTC3)
129;en;1;/;A-leg frame design (GTC3)
129;fr;1;/;Pied-A design de piétement (GTC3)
129;nl;1;/;A-poot ondersteldesign (GTC3)
130;de;1;/;A-Fuß Gestelldesign (GTC4)
130;en;1;/;A-leg frame design (GTC4)
130;fr;1;/;Pied-A design de piétement (GTC4)
130;nl;1;/;A-poot ondersteldesign (GTC4)
131;de;1;/;Höhenverstellung (HV32L2)
131;en;1;/;Height adjustment (HV32L2)
131;fr;1;/;Réglage en hauteur (HV32L2)
131;nl;1;/;Hoogteverstelling (HV32L2)
132;de;1;/;Höhenverstellung (HV32T2)
132;en;1;/;Height adjustment (HV32T2)
132;fr;1;/;Réglage en hauteur (HV32T2)
132;nl;1;/;Hoogteverstelling (HV32T2)
133;de;1;/;Motorverstellung (HV33L2)
133;en;1;/;Motorised adjustment (HV33L2)
133;fr;1;/;Réglage motorisé (HV33L2)
133;nl;1;/;Motorverstelling (HV33L2)
134;de;1;/;Motorverstellung (HV33T2)
134;en;1;/;Motorised adjustment (HV33T2)
134;fr;1;/;Réglage motorisé (HV33T2)
134;nl;1;/;Motorverstelling (HV33T2)
135;de;1;/;Liftverstellung (HV55T2)
135;en;1;/;Lift adjustment (HV55T2)
135;fr;1;/;Réglage Lift (HV55T2)
135;nl;1;/;Liftverstelling (HV55T2)
136;de;1;/;Motorverstellung (HV56L2)
136;en;1;/;Motorised adjustment (HV56L2)
136;fr;1;/;Réglage motorisé (HV56L2)
136;nl;1;/;Motorverstelling (HV56L2)
137;de;1;/;Motorverstellung (HV56T2)
137;en;1;/;Motorised adjustment (HV56T2)
137;fr;1;/;Réglage motorisé (HV56T2)
137;nl;1;/;Motorverstelling (HV56T2)
138;de;1;/;Höhenverstellung (HV9L2)
138;en;1;/;Height adjustment (HV9L2)
138;fr;1;/;Réglage en hauteur (HV9L2)
138;nl;1;/;Hoogteverstelling (HV9L2)
139;de;1;/;Kupplungskabel (KK01)
139;en;1;/;Connection lead (KK01)
139;fr;1;/;Câble de couplage (KK01)
139;nl;1;/;Koppelingskabel (KK01)
140;de;1;/;Kupplungskabel (KK02)
140;en;1;/;Connection lead (KK02)
140;fr;1;/;Câble de couplage (KK02)
140;nl;1;/;Koppelingskabel (KK02)
141;de;1;/;Kupplungskabel (KK03)
141;en;1;/;Connection lead (KK03)
141;fr;1;/;Câble de couplage (KK03)
141;nl;1;/;Koppelingskabel (KK03)
142;de;1;/;Kupplungskabel (KK04)
142;en;1;/;Connection lead (KK04)
142;fr;1;/;Câble de couplage (KK04)
142;nl;1;/;Koppelingskabel (KK04)
143;de;1;/;Kupplungskabel (KK05)
143;en;1;/;Connection lead (KK05)
143;fr;1;/;Câble de couplage (KK05)
143;nl;1;/;Koppelingskabel (KK05)
144;de;1;/;Kupplungskabel (KK06)
144;en;1;/;Connection lead (KK06)
144;fr;1;/;Câble de couplage (KK06)
144;nl;1;/;Koppelingskabel (KK06)
145;de;1;/;Kupplungskabel (KK07)
145;en;1;/;Connection lead (KK07)
145;fr;1;/;Câble de couplage (KK07)
145;nl;1;/;Koppelingskabel (KK07)
146;de;1;/;Kupplungskabel (KK08)
146;en;1;/;Connection lead (KK08)
146;fr;1;/;Câble de couplage (KK08)
146;nl;1;/;Koppelingskabel (KK08)
147;de;1;/;Kupplungskabel (KK09)
147;en;1;/;Connection lead (KK09)
147;fr;1;/;Câble de couplage (KK09)
147;nl;1;/;Koppelingskabel (KK09)
148;de;1;/;Kupplungskabel (KK10)
148;en;1;/;Connection lead (KK10)
148;fr;1;/;Câble de couplage (KK10)
148;nl;1;/;Koppelingskabel (KK10)
149;de;1;/;Kupplungskabel (KK11)
149;en;1;/;Connection lead (KK11)
149;fr;1;/;Câble de couplage (KK11)
149;nl;1;/;Koppelingskabel (KK11)
150;de;1;/;Kupplungskabel (KK12)
150;en;1;/;Connection lead (KK12)
150;fr;1;/;Câble de couplage (KK12)
150;nl;1;/;Koppelingskabel (KK12)
151;de;1;/;Kupplungskabel (KK13)
151;en;1;/;Connection lead (KK13)
151;fr;1;/;Câble de couplage (KK13)
151;nl;1;/;Koppelingskabel (KK13)
152;de;1;/;Kupplungskabel (KK14)
152;en;1;/;Connection lead (KK14)
152;fr;1;/;Câble de couplage (KK14)
152;nl;1;/;Koppelingskabel (KK14)
153;de;1;/;Kupplungskabel (KK15)
153;en;1;/;Connection lead (KK15)
153;fr;1;/;Câble de couplage (KK15)
153;nl;1;/;Koppelingskabel (KK15)
154;de;1;/;Kupplungskabel (KK16)
154;en;1;/;Connection lead (KK16)
154;fr;1;/;Câble de couplage (KK16)
154;nl;1;/;Koppelingskabel (KK16)
155;de;1;/;Kabelklammern (KKL5)
155;en;1;/;Cable clips (KKL5)
155;fr;1;/;Pinces pour câbles (KKL5)
155;nl;1;/;Kabelklemmen (KKL5)
156;de;1;/;Schwarz Struktur (KSS4)
156;en;1;/;Black textured (KSS4)
156;fr;1;/;Noir structurée (KSS4)
156;nl;1;/;Zwart structuur (KSS4)
157;de;1;/;Kabelwanne (KW20)
157;en;1;/;Cable tray (KW20)
157;fr;1;/;Goulotte de câblage (KW20)
157;nl;1;/;Kabelgoot (KW20)
158;de;1;/;Kabelwanne (KW2114)
158;en;1;/;Cable tray (KW2114)
158;fr;1;/;Goulotte de câblage (KW2114)
158;nl;1;/;Kabelgoot (KW2114)
159;de;1;/;Lieferung demontiert (LF1)
159;en;1;/;Delivery, disassembled (LF1)
159;fr;1;/;Démonté à la livraison (LF1)
159;nl;1;/;gedemonteerde levering (LF1)
160;de;1;/;2x Schuko (NB201)
160;en;1;/;2x Schuko (NB201)
160;fr;1;/;2x Schuko (NB201)
160;nl;1;/;2x Schuko (NB201)
161;de;1;/;2x Schuko rot (NB202)
161;en;1;/;2x Schuko red (NB202)
161;fr;1;/;2x Schuko rouge (NB202)
161;nl;1;/;2x Schuko rood (NB202)
162;de;1;/;3x Schuko (NB301)
162;en;1;/;3x Schuko (NB301)
162;fr;1;/;3x Schuko (NB301)
162;nl;1;/;3x Schuko (NB301)
163;de;1;/;3x Schuko rot (NB302)
163;en;1;/;3x Schuko red (NB302)
163;fr;1;/;3x Schuko rouge (NB302)
163;nl;1;/;3x Schuko rood (NB302)
164;de;1;/;3x Schuko weiß (NB303)
164;en;1;/;3x Schuko white (NB303)
164;fr;1;/;3x Schuko blanc (NB303)
164;nl;1;/;3x Schuko wit (NB303)
165;de;1;/;3x Schuko mit Rahmen (wsw) (NB304)
165;en;1;/;3x Schuko with frame (hvh) (NB304)
165;fr;1;/;3x Schuko avec cadre (hvh) (NB304)
165;nl;1;/;3x Schuko met frame (hvh) (NB304)
166;de;1;/;2x Schuko, 1x2 RJ45 CAT.6, mit Rahmen (NB307)
166;en;1;/;2x Schuko, 1x2 RJ45 CAT.6, with frame (NB307)
166;fr;1;/;2x Schuko, 1x2 RJ45 CAT.6, avec cadre (NB307)
166;nl;1;/;2x Schuko, 1x2 RJ45 CAT.6, met frame (NB307)
167;de;1;/;2x Schuko, 1x2 USB-Charger Typ A+C (NB308)
167;en;1;/;2x Schuko, 1x2 USB-Charger Type A+C (NB308)
167;fr;1;/;2x Schuko, 1x2 USB-Charger Type A+C (NB308)
167;nl;1;/;2x Schuko, 1x2 USB-Charger Type A+C (NB308)
168;de;1;/;3x Schuko, 1x2 RJ45 CAT.5, 2 Schrauben (NB401)
168;en;1;/;3x Schuko, 1x2 RJ45 CAT.5, 2 screws (NB401)
168;fr;1;/;3x Schuko, 1x2 RJ45 CAT.5, 2 vis (NB401)
168;nl;1;/;3x Schuko, 1x2 RJ45 CAT.5, 2 schroeven (NB401)
169;de;1;/;2x Schuko, 1x2 RJ45, 1x HDMI (NB404)
169;en;1;/;2x Schuko, 1x2 RJ45, 1x HDMI (NB404)
169;fr;1;/;2x Schuko, 1x2 RJ45, 1x HDMI (NB404)
169;nl;1;/;2x Schuko, 1x2 RJ45, 1x HDMI (NB404)
170;de;1;/;3x Schuko, 1x2 USB Daten (NB406)
170;en;1;/;3x Schuko, 1x2 USB data (NB406)
170;fr;1;/;3x Schuko, 1x2 USB données (NB406)
170;nl;1;/;3x Schuko, 1x2 USB data (NB406)
171;de;1;/;4x Schuko rot (dddd) (NB407)
171;en;1;/;4x Schuko red (dddd) (NB407)
171;fr;1;/;4x Schuko rouge (dddd) (NB407)
171;nl;1;/;4x Schuko rood (dddd) (NB407)
172;de;1;/;4x Schuko mit Rahmen (dddd), 2 Schrauben (NB413)
172;en;1;/;4x Schuko with frame (dddd), 2 screws (NB413)
172;fr;1;/;4x Schuko avec cadre (dddd), 2 vis (NB413)
172;nl;1;/;4x Schuko met frame (dddd), 2 schroeven (NB413)
173;de;1;/;4x Schuko mit Rahmen (ssss) (NB415)
173;en;1;/;4x Schuko with frame (vvvv) (NB415)
173;fr;1;/;4x Schuko avec cadre (vvvv) (NB415)
173;nl;1;/;4x Schuko met frame (vvvv) (NB415)
174;de;1;/;2x Schuko, 1x2 RJ45, 1x2 USB Daten (NB419)
174;en;1;/;2x Schuko, 1x2 RJ45, 1x2 USB data (NB419)
174;fr;1;/;2x Schuko, 1x2 RJ45, 1x2 USB données (NB419)
174;nl;1;/;2x Schuko, 1x2 RJ45, 1x2 USB data (NB419)
175;de;1;/;3x Schuko, 1x2 USB-Charger A+C (NB420)
175;en;1;/;3x Schuko, 1x2 USB-Charger A+C (NB420)
175;fr;1;/;3x Schuko, 1x2 USB-Charger A+C (NB420)
175;nl;1;/;3x Schuko, 1x2 USB-Charger A+C (NB420)
176;de;1;/;2x Schuko, 1x2 USB Charger A+C, 1x HDMI (NB421)
176;en;1;/;2x Schuko, 1x2 USB Charger A+C, 1x HDMI (NB421)
176;fr;1;/;2x Schuko, 1x2 USB Charger A+C, 1x HDMI (NB421)
176;nl;1;/;2x Schuko, 1x2 USB Charger A+C, 1x HDMI (NB421)
177;de;1;/;2x Schuko, 1x2 RJ45, 1x2 USB Charger A+C (NB422)
177;en;1;/;2x Schuko, 1x2 RJ45, 1x2 USB Charger A+C (NB422)
177;fr;1;/;2x Schuko, 1x2 RJ45, 1x2 USB Charger A+C (NB422)
177;nl;1;/;2x Schuko, 1x2 RJ45, 1x2 USB Charger A+C (NB422)
178;de;1;/;3x Schuko, 1x2 USB Charger, 1x RJ45 (NB501)
178;en;1;/;3x Schuko, 1x2 USB Charger, 1x RJ45 (NB501)
178;fr;1;/;3x Schuko, 1x2 USB Charger, 1x RJ45 (NB501)
178;nl;1;/;3x Schuko, 1x2 USB Charger, 1x RJ45 (NB501)
179;de;1;/;5x Schuko (NB502)
179;en;1;/;5x Schuko (NB502)
179;fr;1;/;5x Schuko (NB502)
179;nl;1;/;5x Schuko (NB502)
180;de;1;/;3x Schuko, 1x2 USB Charger A+C (PB302)
180;en;1;/;3x Schuko, 1x2 USB Charger A+C (PB302)
180;fr;1;/;3x Schuko, 1x2 USB Charger A+C (PB302)
180;nl;1;/;3x Schuko, 1x2 USB Charger A+C (PB302)
181;de;1;/;5x Schuko (PB501)
181;en;1;/;5x Schuko (PB501)
181;fr;1;/;5x Schuko (PB501)
181;nl;1;/;5x Schuko (PB501)
182;de;1;/;3x Schuko, 1x2 RJ45, 1x2 HDMI (PB502)
182;en;1;/;3x Schuko, 1x2 RJ45, 1x2 HDMI (PB502)
182;fr;1;/;3x Schuko, 1x2 RJ45, 1x2 HDMI (PB502)
182;nl;1;/;3x Schuko, 1x2 RJ45, 1x2 HDMI (PB502)
183;de;1;/;6x Schuko (PB601)
183;en;1;/;6x Schuko (PB601)
183;fr;1;/;6x Schuko (PB601)
183;nl;1;/;6x Schuko (PB601)
184;de;1;/;1x Thermo-Sicherung, 7x Schuko (PB801)
184;en;1;/;1x Thermo-fuse, 7x Schuko (PB801)
184;fr;1;/;1x Thermo-fusible, 7x Schuko (PB801)
184;nl;1;/;1x Thermo-zekering, 7x Schuko (PB801)
185;de;1;/;9x Schuko schwarz/rot (PB901)
185;en;1;/;9x Schuko black/red (PB901)
185;fr;1;/;9x Schuko noir/rouge (PB901)
185;nl;1;/;9x Schuko zwart/rood (PB901)
186;de;1;/;6x Schuko, 3x2 USB Daten (PB902)
186;en;1;/;6x Schuko, 3x2 USB data (PB902)
186;fr;1;/;6x Schuko, 3x2 USB données (PB902)
186;nl;1;/;6x Schuko, 3x2 USB data (PB902)
187;de;1;/;Kollisionsschutzsensor (PIZ1)
187;en;1;/;Collision prevention sensor (PIZ1)
187;fr;1;/;Protection anticollisions (PIZ1)
187;nl;1;/;Stootbescherming (PIZ1)
188;de;1;/;Verteiler (VT01)
188;en;1;/;Splitter (VT01)
188;fr;1;/;Distributeur (VT01)
188;nl;1;/;Verdeler (VT01)
189;de;1;/;Verteiler (VT02)
189;en;1;/;Splitter (VT02)
189;fr;1;/;Distributeur (VT02)
189;nl;1;/;Verdeler (VT02)
190;de;1;/;Verteiler (VT03)
190;en;1;/;Splitter (VT03)
190;fr;1;/;Distributeur (VT03)
190;nl;1;/;Verdeler (VT03)
191;de;1;/;Verteiler (VT05)
191;en;1;/;Splitter (VT05)
191;fr;1;/;Distributeur (VT05)
191;nl;1;/;Verdeler (VT05)
192;de;1;/;Verteiler (VT06)
192;en;1;/;Splitter (VT06)
192;fr;1;/;Distributeur (VT06)
192;nl;1;/;Verdeler (VT06)
193;de;1;/;Stromzuführungskabel (ZK01)
193;en;1;/;Mains lead (ZK01)
193;fr;1;/;Câble d´alimentation (ZK01)
193;nl;1;/;Stroomtoevoerkabel (ZK01)
194;de;1;/;Stromzuführungskabel (ZK02)
194;en;1;/;Mains lead (ZK02)
194;fr;1;/;Câble d´alimentation (ZK02)
194;nl;1;/;Stroomtoevoerkabel (ZK02)
195;de;1;/;Stromzuführungskabel (ZK03)
195;en;1;/;Mains lead (ZK03)
195;fr;1;/;Câble d´alimentation (ZK03)
195;nl;1;/;Stroomtoevoerkabel (ZK03)
196;de;1;/;Stromzuführungskabel (ZK04)
196;en;1;/;Mains lead (ZK04)
196;fr;1;/;Câble d´alimentation (ZK04)
196;nl;1;/;Stroomtoevoerkabel (ZK04)
197;de;1;/;Stromzuführungskabel (ZK05)
197;en;1;/;Mains lead (ZK05)
197;fr;1;/;Câble d´alimentation (ZK05)
197;nl;1;/;Stroomtoevoerkabel (ZK05)
198;de;1;/;Stromzuführungskabel (ZK06)
198;en;1;/;Mains lead (ZK06)
198;fr;1;/;Câble d´alimentation (ZK06)
198;nl;1;/;Stroomtoevoerkabel (ZK06)
199;de;1;/;Stromzuführungskabel (ZK07)
199;en;1;/;Mains lead (ZK07)
199;fr;1;/;Câble d´alimentation (ZK07)
199;nl;1;/;Stroomtoevoerkabel (ZK07)
200;de;1;/;Stromzuführungskabel (ZK08)
200;en;1;/;Mains lead (ZK08)
200;fr;1;/;Câble d´alimentation (ZK08)
200;nl;1;/;Stroomtoevoerkabel (ZK08)
201;de;1;/;Stromzuführungskabel (ZK09)
201;en;1;/;Mains lead (ZK09)
201;fr;1;/;Câble d´alimentation (ZK09)
201;nl;1;/;Stroomtoevoerkabel (ZK09)
202;de;1;/;Stromzuführungskabel (ZK10)
202;en;1;/;Mains lead (ZK10)
202;fr;1;/;Câble d´alimentation (ZK10)
202;nl;1;/;Stroomtoevoerkabel (ZK10)
203;de;1;/;Stromzuführungskabel (ZK11)
203;en;1;/;Mains lead (ZK11)
203;fr;1;/;Câble d´alimentation (ZK11)
203;nl;1;/;Stroomtoevoerkabel (ZK11)
204;de;1;/;Stromzuführungskabel (ZK12)
204;en;1;/;Mains lead (ZK12)
204;fr;1;/;Câble d´alimentation (ZK12)
204;nl;1;/;Stroomtoevoerkabel (ZK12)
205;de;1;/;Stromzuführungskabel (ZK13)
205;en;1;/;Mains lead (ZK13)
205;fr;1;/;Câble d´alimentation (ZK13)
205;nl;1;/;Stroomtoevoerkabel (ZK13)
206;de;1;/;Stromzuführungskabel (ZK14)
206;en;1;/;Mains lead (ZK14)
206;fr;1;/;Câble d´alimentation (ZK14)
206;nl;1;/;Stroomtoevoerkabel (ZK14)
367;de;1;/;Adapter (AD1)
367;en;1;/;Adapter (AD1)
367;fr;1;/;Adaptateur (AD1)
367;nl;1;/;Adapter (AD1)
368;de;1;/;Adapter (AD2)
368;en;1;/;Adapters (AD2)
368;fr;1;/;Adaptateurs (AD2)
368;nl;1;/;Adapters (AD2)
369;de;1;/;Adapter (AD3)
369;en;1;/;Adapters (AD3)
369;fr;1;/;Adaptateurs (AD3)
369;nl;1;/;Adapters (AD3)
370;de;1;/;Maße 1400x1480 mm (DB1414)
370;en;1;/;Dimensions 1400x1480 mm (DB1414)
370;fr;1;/;Dimensions 1400x1480 mm (DB1414)
370;nl;1;/;Afmeting 1400x1480 mm (DB1414)
371;de;1;/;Maße 1400x1680 mm (DB1416)
371;en;1;/;Dimensions 1400x1680 mm (DB1416)
371;fr;1;/;Dimensions 1400x1680 mm (DB1416)
371;nl;1;/;Afmeting 1400x1680 mm (DB1416)
372;de;1;/;Maße 1400x1880 mm (DB1418)
372;en;1;/;Dimensions 1400x1880 mm (DB1418)
372;fr;1;/;Dimensions 1400x1880 mm (DB1418)
372;nl;1;/;Afmeting 1400x1880 mm (DB1418)
373;de;1;/;Maße 1600x1480 mm (DB1614)
373;en;1;/;Dimensions 1600x1480 mm (DB1614)
373;fr;1;/;Dimensions 1600x1480 mm (DB1614)
373;nl;1;/;Afmeting 1600x1480 mm (DB1614)
374;de;1;/;Maße 1600x1680 mm (DB1616)
374;en;1;/;Dimensions 1600x1680 mm (DB1616)
374;fr;1;/;Dimensions 1600x1680 mm (DB1616)
374;nl;1;/;Afmeting 1600x1680 mm (DB1616)
375;de;1;/;Maße 1600x1880 mm (DB1618)
375;en;1;/;Dimensions 1600x1880 mm (DB1618)
375;fr;1;/;Dimensions 1600x1880 mm (DB1618)
375;nl;1;/;Afmeting 1600x1880 mm (DB1618)
376;de;1;/;Maße 1800x1480 mm (DB1814)
376;en;1;/;Dimensions 1800x1480 mm (DB1814)
376;fr;1;/;Dimensions 1800x1480 mm (DB1814)
376;nl;1;/;Afmeting 1800x1480 mm (DB1814)
377;de;1;/;Maße 1800x1680 mm (DB1816)
377;en;1;/;Dimensions 1800x1680 mm (DB1816)
377;fr;1;/;Dimensions 1800x1680 mm (DB1816)
377;nl;1;/;Afmeting 1800x1680 mm (DB1816)
378;de;1;/;Maße 1800x1880 mm (DB1818)
378;en;1;/;Dimensions 1800x1880 mm (DB1818)
378;fr;1;/;Dimensions 1800x1880 mm (DB1818)
378;nl;1;/;Afmeting 1800x1880 mm (DB1818)
379;de;1;/;Maße 2000x1480 mm (DB2014)
379;en;1;/;Dimensions 2000x1480 mm (DB2014)
379;fr;1;/;Dimensions 2000x1480 mm (DB2014)
379;nl;1;/;Afmeting 2000x1480 mm (DB2014)
380;de;1;/;Maße 2000x1680 mm (DB2016)
380;en;1;/;Dimensions 2000x1680 mm (DB2016)
380;fr;1;/;Dimensions 2000x1680 mm (DB2016)
380;nl;1;/;Afmeting 2000x1680 mm (DB2016)
381;de;1;/;Maße 2000x1880 mm (DB2018)
381;en;1;/;Dimensions 2000x1880 mm (DB2018)
381;fr;1;/;Dimensions 2000x1880 mm (DB2018)
381;nl;1;/;Afmeting 2000x1880 mm (DB2018)
382;de;1;/;Elekrifizierungsbucht (Kabelführung) (KAF414)
382;en;1;/;Electrics cut-out (cable management) (KAF414)
382;fr;1;/;Découpe d’électrification (guidage des câbles) (KAF414)
382;nl;1;/;Elektrifikatie-richel (kabeldoorvoer) (KAF414)
383;de;1;/;Elekrifizierungsbucht (Kabelführung) (KAF416)
383;en;1;/;Electrics cut-out (cable management) (KAF416)
383;fr;1;/;Découpe d’électrification (guidage des câbles) (KAF416)
383;nl;1;/;Elektrifikatie-richel (kabeldoorvoer) (KAF416)
384;de;1;/;Elekrifizierungsbucht (Kabelführung) (KAF418)
384;en;1;/;Electrics cut-out (cable management) (KAF418)
384;fr;1;/;Découpe d’électrification (guidage des câbles) (KAF418)
384;nl;1;/;Elektrifikatie-richel (kabeldoorvoer) (KAF418)
385;de;1;/;Elekrifizierungsbucht (Kabelführung) (KAF420)
385;en;1;/;Electrics cut-out (cable management) (KAF420)
385;fr;1;/;Découpe d’électrification (guidage des câbles) (KAF420)
385;nl;1;/;Elektrifikatie-richel (kabeldoorvoer) (KAF420)
386;de;1;/;Kabelwanne (KW1512)
386;en;1;/;Cable tray (KW1512)
386;fr;1;/;Goulotte de câblage (KW1512)
386;nl;1;/;Kabelgoot (KW1512)
387;de;1;/;Kabelwanne (KW1514)
387;en;1;/;Cable tray (KW1514)
387;fr;1;/;Goulotte de câblage (KW1514)
387;nl;1;/;Kabelgoot (KW1514)
388;de;1;/;Kabelwanne (KW1516)
388;en;1;/;Cable tray (KW1516)
388;fr;1;/;Goulotte de câblage (KW1516)
388;nl;1;/;Kabelgoot (KW1516)
389;de;1;/;Kabelwanne (KW1518)
389;en;1;/;Cable tray (KW1518)
389;fr;1;/;Goulotte de câblage (KW1518)
389;nl;1;/;Kabelgoot (KW1518)
390;de;1;/;Kabelwanne (KW1520)
390;en;1;/;Cable tray (KW1520)
390;fr;1;/;Goulotte de câblage (KW1520)
390;nl;1;/;Kabelgoot (KW1520)
391;de;1;/;Kabelwanne (KW1810)
391;en;1;/;Cable tray (KW1810)
391;fr;1;/;Goulotte de câblage (KW1810)
391;nl;1;/;Kabelgoot (KW1810)
392;de;1;/;Kabelwanne (KW1812)
392;en;1;/;Cable tray (KW1812)
392;fr;1;/;Goulotte de câblage (KW1812)
392;nl;1;/;Kabelgoot (KW1812)
393;de;1;/;Kabelwanne (KW1814)
393;en;1;/;Cable tray (KW1814)
393;fr;1;/;Goulotte de câblage (KW1814)
393;nl;1;/;Kabelgoot (KW1814)
394;de;1;/;Kabelwanne (KW1816)
394;en;1;/;Cable tray (KW1816)
394;fr;1;/;Goulotte de câblage (KW1816)
394;nl;1;/;Kabelgoot (KW1816)
395;de;1;/;Kabelwanne (KW1818)
395;en;1;/;Cable tray (KW1818)
395;fr;1;/;Goulotte de câblage (KW1818)
395;nl;1;/;Kabelgoot (KW1818)
396;de;1;/;Kabelwanne (KW18G16)
396;en;1;/;Cable tray (KW18G16)
396;fr;1;/;Goulotte de câblage (KW18G16)
396;nl;1;/;Kabelgoot (KW18G16)
397;de;1;/;Kabelwanne (KW18G18)
397;en;1;/;Cable tray (KW18G18)
397;fr;1;/;Goulotte de câblage (KW18G18)
397;nl;1;/;Kabelgoot (KW18G18)
398;de;1;/;Kabelwanne (KW1910)
398;en;1;/;Cable tray (KW1910)
398;fr;1;/;Goulotte de câblage (KW1910)
398;nl;1;/;Kabelgoot (KW1910)
399;de;1;/;Kabelwanne (KW1912)
399;en;1;/;Cable tray (KW1912)
399;fr;1;/;Goulotte de câblage (KW1912)
399;nl;1;/;Kabelgoot (KW1912)
400;de;1;/;Kabelwanne (KW1914)
400;en;1;/;Cable tray (KW1914)
400;fr;1;/;Goulotte de câblage (KW1914)
400;nl;1;/;Kabelgoot (KW1914)
401;de;1;/;Kabelwanne (KW1916)
401;en;1;/;Cable tray (KW1916)
401;fr;1;/;Goulotte de câblage (KW1916)
401;nl;1;/;Kabelgoot (KW1916)
402;de;1;/;Kabelwanne (KW1918)
402;en;1;/;Cable tray (KW1918)
402;fr;1;/;Goulotte de câblage (KW1918)
402;nl;1;/;Kabelgoot (KW1918)
403;de;1;/;Kabelwanne (KW19G16)
403;en;1;/;Cable tray (KW19G16)
403;fr;1;/;Goulotte de câblage (KW19G16)
403;nl;1;/;Kabelgoot (KW19G16)
404;de;1;/;Kabelwanne (KW19G18)
404;en;1;/;Cable tray (KW19G18)
404;fr;1;/;Goulotte de câblage (KW19G18)
404;nl;1;/;Kabelgoot (KW19G18)
405;de;1;/;Kabelwanne (KW2110)
405;en;1;/;Cable tray (KW2110)
405;fr;1;/;Goulotte de câblage (KW2110)
405;nl;1;/;Kabelgoot (KW2110)
406;de;1;/;Kabelwanne (KW2112)
406;en;1;/;Cable tray (KW2112)
406;fr;1;/;Goulotte de câblage (KW2112)
406;nl;1;/;Kabelgoot (KW2112)
407;de;1;/;Kabelwanne (KW2116)
407;en;1;/;Cable tray (KW2116)
407;fr;1;/;Goulotte de câblage (KW2116)
407;nl;1;/;Kabelgoot (KW2116)
408;de;1;/;Kabelwanne (KW2118)
408;en;1;/;Cable tray (KW2118)
408;fr;1;/;Goulotte de câblage (KW2118)
408;nl;1;/;Kabelgoot (KW2118)
409;de;1;/;Kabelwanne (KW21G16)
409;en;1;/;Cable tray (KW21G16)
409;fr;1;/;Goulotte de câblage (KW21G16)
409;nl;1;/;Kabelgoot (KW21G16)
410;de;1;/;Kabelwanne (KW21G18)
410;en;1;/;Cable tray (KW21G18)
410;fr;1;/;Goulotte de câblage (KW21G18)
410;nl;1;/;Kabelgoot (KW21G18)
411;de;1;/;Kabelwanne (KW2412)
411;en;1;/;Cable tray (KW2412)
411;fr;1;/;Goulotte de câblage (KW2412)
411;nl;1;/;Kabelgoot (KW2412)
412;de;1;/;Kabelwanne (KW2414)
412;en;1;/;Cable tray (KW2414)
412;fr;1;/;Goulotte de câblage (KW2414)
412;nl;1;/;Kabelgoot (KW2414)
413;de;1;/;Kabelwanne (KW2416)
413;en;1;/;Cable tray (KW2416)
413;fr;1;/;Goulotte de câblage (KW2416)
413;nl;1;/;Kabelgoot (KW2416)
414;de;1;/;Kabelwanne (KW2418)
414;en;1;/;Cable tray (KW2418)
414;fr;1;/;Goulotte de câblage (KW2418)
414;nl;1;/;Kabelgoot (KW2418)
415;de;1;/;Kabelwanne (KW2420)
415;en;1;/;Cable tray (KW2420)
415;fr;1;/;Goulotte de câblage (KW2420)
415;nl;1;/;Kabelgoot (KW2420)
416;de;1;/;Kabelwanne (KW512)
416;en;1;/;Cable tray (KW512)
416;fr;1;/;Goulotte de câblage (KW512)
416;nl;1;/;Kabelgoot (KW512)
417;de;1;/;Kabelwanne (KW514)
417;en;1;/;Cable tray (KW514)
417;fr;1;/;Goulotte de câblage (KW514)
417;nl;1;/;Kabelgoot (KW514)
418;de;1;/;Kabelwanne (KW516)
418;en;1;/;Cable tray (KW516)
418;fr;1;/;Goulotte de câblage (KW516)
418;nl;1;/;Kabelgoot (KW516)
419;de;1;/;Kabelwanne (KW518)
419;en;1;/;Cable tray (KW518)
419;fr;1;/;Goulotte de câblage (KW518)
419;nl;1;/;Kabelgoot (KW518)
420;de;1;/;Kabelwanne (KW520)
420;en;1;/;Cable tray (KW520)
420;fr;1;/;Goulotte de câblage (KW520)
420;nl;1;/;Kabelgoot (KW520)
421;de;1;/;(MIP_KON10)
421;en;1;/;(MIP_KON10)
421;fr;1;/;(MIP_KON10)
421;nl;1;/;(MIP_KON10)
452;de;1;/;Fußausleger (FSD13)
452;en;1;/;Cantilever foot (FSD13)
452;fr;1;/;Patte (FSD13)
452;nl;1;/;Voetsteun (FSD13)
453;de;1;/;Fußausleger (FSD2)
453;en;1;/;Cantilever foot (FSD2)
453;fr;1;/;Patte (FSD2)
453;nl;1;/;Voetsteun (FSD2)
454;de;1;/;Fußausleger (FSD22)
454;en;1;/;Cantilever foot (FSD22)
454;fr;1;/;Patte (FSD22)
454;nl;1;/;Voetsteun (FSD22)
455;de;1;/;Fußausleger (FSD4)
455;en;1;/;Cantilever foot (FSD4)
455;fr;1;/;Patte (FSD4)
455;nl;1;/;Voetsteun (FSD4)
456;de;1;/;Fußausleger (FSD9)
456;en;1;/;Cantilever foot (FSD9)
456;fr;1;/;Patte (FSD9)
456;nl;1;/;Voetsteun (FSD9)
457;de;1;/;Rollen (RL1)
457;en;1;/;Castors (RL1)
457;fr;1;/;Roulettes (RL1)
457;nl;1;/;Wielen (RL1)
458;de;1;/;Maße 1800x1000 mm (TI1811)
458;en;1;/;Dimensions 1800x1000 mm (TI1811)
458;fr;1;/;Dimensions 1800x1000 mm (TI1811)
458;nl;1;/;Afmeting 1800x1000 mm (TI1811)
459;de;1;/;Maße 2000x1000 mm (TI2011)
459;en;1;/;Dimensions 2000x1000 mm (TI2011)
459;fr;1;/;Dimensions 2000x1000 mm (TI2011)
459;nl;1;/;Afmeting 2000x1000 mm (TI2011)
483;de;1;/;Fußausleger (FSD12)
483;en;1;/;Cantilever foot (FSD12)
483;fr;1;/;Patte (FSD12)
483;nl;1;/;Voetsteun (FSD12)
484;de;1;/;Fußausleger (FSD14)
484;en;1;/;Cantilever foot (FSD14)
484;fr;1;/;Patte (FSD14)
484;nl;1;/;Voetsteun (FSD14)
485;de;1;/;Fußausleger (FSD19)
485;en;1;/;Cantilever foot (FSD19)
485;fr;1;/;Patte (FSD19)
485;nl;1;/;Voetsteun (FSD19)
486;de;1;/;Fußausleger (FSD20)
486;en;1;/;Cantilever foot (FSD20)
486;fr;1;/;Patte (FSD20)
486;nl;1;/;Voetsteun (FSD20)
487;de;1;/;Schwarz Struktur (KSS6)
487;en;1;/;Black textured (KSS6)
487;fr;1;/;Noir structurée (KSS6)
487;nl;1;/;Zwart structuur (KSS6)
488;de;1;/;Kabelwanne (KW1808)
488;en;1;/;Cable tray (KW1808)
488;fr;1;/;Goulotte de câblage (KW1808)
488;nl;1;/;Kabelgoot (KW1808)
489;de;1;/;Kabelwanne (KW1908)
489;en;1;/;Cable tray (KW1908)
489;fr;1;/;Goulotte de câblage (KW1908)
489;nl;1;/;Kabelgoot (KW1908)
490;de;1;/;Kabelwanne (KW2108)
490;en;1;/;Cable tray (KW2108)
490;fr;1;/;Goulotte de câblage (KW2108)
490;nl;1;/;Kabelgoot (KW2108)
491;de;1;/;Kabelwanne (KW2408)
491;en;1;/;Cable tray (KW2408)
491;fr;1;/;Goulotte de câblage (KW2408)
491;nl;1;/;Kabelgoot (KW2408)
492;de;1;/;Kabelwanne (KW2410)
492;en;1;/;Cable tray (KW2410)
492;fr;1;/;Goulotte de câblage (KW2410)
492;nl;1;/;Kabelgoot (KW2410)
493;de;1;/;Seitenverkleidung (SWA80)
493;en;1;/;Side cover (SWA80)
493;fr;1;/;Habillage latéral (SWA80)
493;nl;1;/;Zijpaneel (SWA80)
494;de;1;/;Seitenverkleidung (SWA90)
494;en;1;/;Side cover (SWA90)
494;fr;1;/;Habillage latéral (SWA90)
494;nl;1;/;Zijpaneel (SWA90)
495;de;1;/;Maße 800x1000 mm (TI0811)
495;en;1;/;Dimensions 800x1000 mm (TI0811)
495;fr;1;/;Dimensions 800x1000 mm (TI0811)
495;nl;1;/;Afmeting 800x1000 mm (TI0811)
496;de;1;/;Maße 1000x1000 mm (TI1011)
496;en;1;/;Dimensions 1000x1000 mm (TI1011)
496;fr;1;/;Dimensions 1000x1000 mm (TI1011)
496;nl;1;/;Afmeting 1000x1000 mm (TI1011)
497;de;1;/;Maße 1000x600 mm (TI1066)
497;en;1;/;Dimensions 1000x600 mm (TI1066)
497;fr;1;/;Dimensions 1000x600 mm (TI1066)
497;nl;1;/;Afmeting 1000x600 mm (TI1066)
498;de;1;/;Maße 1000x700 mm (TI1077)
498;en;1;/;Dimensions 1000x700 mm (TI1077)
498;fr;1;/;Dimensions 1000x700 mm (TI1077)
498;nl;1;/;Afmeting 1000x700 mm (TI1077)
499;de;1;/;Maße 1000x800 mm (TI1088)
499;en;1;/;Dimensions 1000x800 mm (TI1088)
499;fr;1;/;Dimensions 1000x800 mm (TI1088)
499;nl;1;/;Afmeting 1000x800 mm (TI1088)
500;de;1;/;Maße 1000x900 mm (TI1099)
500;en;1;/;Dimensions 1000x900 mm (TI1099)
500;fr;1;/;Dimensions 1000x900 mm (TI1099)
500;nl;1;/;Afmeting 1000x900 mm (TI1099)
501;de;1;/;Maße 1200x1000 mm (TI1211)
501;en;1;/;Dimensions 1200x1000 mm (TI1211)
501;fr;1;/;Dimensions 1200x1000 mm (TI1211)
501;nl;1;/;Afmeting 1200x1000 mm (TI1211)
502;de;1;/;Maße 1200x600 mm (TI1266)
502;en;1;/;Dimensions 1200x600 mm (TI1266)
502;fr;1;/;Dimensions 1200x600 mm (TI1266)
502;nl;1;/;Afmeting 1200x600 mm (TI1266)
503;de;1;/;Maße 1200x700 mm (TI1277)
503;en;1;/;Dimensions 1200x700 mm (TI1277)
503;fr;1;/;Dimensions 1200x700 mm (TI1277)
503;nl;1;/;Afmeting 1200x700 mm (TI1277)
504;de;1;/;Maße 1200x800 mm (TI1288)
504;en;1;/;Dimensions 1200x800 mm (TI1288)
504;fr;1;/;Dimensions 1200x800 mm (TI1288)
504;nl;1;/;Afmeting 1200x800 mm (TI1288)
505;de;1;/;Maße 1200x900 mm (TI1299)
505;en;1;/;Dimensions 1200x900 mm (TI1299)
505;fr;1;/;Dimensions 1200x900 mm (TI1299)
505;nl;1;/;Afmeting 1200x900 mm (TI1299)
506;de;1;/;Maße 1400x1000 mm (TI1411)
506;en;1;/;Dimensions 1400x1000 mm (TI1411)
506;fr;1;/;Dimensions 1400x1000 mm (TI1411)
506;nl;1;/;Afmeting 1400x1000 mm (TI1411)
507;de;1;/;Maße 1400x600 mm (TI1466)
507;en;1;/;Dimensions 1400x600 mm (TI1466)
507;fr;1;/;Dimensions 1400x600 mm (TI1466)
507;nl;1;/;Afmeting 1400x600 mm (TI1466)
508;de;1;/;Maße 1400x700 mm (TI1477)
508;en;1;/;Dimensions 1400x700 mm (TI1477)
508;fr;1;/;Dimensions 1400x700 mm (TI1477)
508;nl;1;/;Afmeting 1400x700 mm (TI1477)
509;de;1;/;Maße 1400x800 mm (TI1488)
509;en;1;/;Dimensions 1400x800 mm (TI1488)
509;fr;1;/;Dimensions 1400x800 mm (TI1488)
509;nl;1;/;Afmeting 1400x800 mm (TI1488)
510;de;1;/;Maße 1400x800 mm (TI1499)
510;en;1;/;Dimensions 1400x800 mm (TI1499)
510;fr;1;/;Dimensions 1400x800 mm (TI1499)
510;nl;1;/;Afmeting 1400x800 mm (TI1499)
511;de;1;/;Maße 1600x1000 mm (TI1611)
511;en;1;/;Dimensions 1600x1000 mm (TI1611)
511;fr;1;/;Dimensions 1600x1000 mm (TI1611)
511;nl;1;/;Afmeting 1600x1000 mm (TI1611)
512;de;1;/;Maße 1600x600 mm (TI1666)
512;en;1;/;Dimensions 1600x600 mm (TI1666)
512;fr;1;/;Dimensions 1600x600 mm (TI1666)
512;nl;1;/;Afmeting 1600x600 mm (TI1666)
513;de;1;/;Maße 1600x700 mm (TI1677)
513;en;1;/;Dimensions 1600x700 mm (TI1677)
513;fr;1;/;Dimensions 1600x700 mm (TI1677)
513;nl;1;/;Afmeting 1600x700 mm (TI1677)
514;de;1;/;Maße 1600x800 mm (TI1688)
514;en;1;/;Dimensions 1600x800 mm (TI1688)
514;fr;1;/;Dimensions 1600x800 mm (TI1688)
514;nl;1;/;Afmeting 1600x800 mm (TI1688)
515;de;1;/;Maße 1600x900 mm (TI1699)
515;en;1;/;Dimensions 1600x900 mm (TI1699)
515;fr;1;/;Dimensions 1600x900 mm (TI1699)
515;nl;1;/;Afmeting 1600x900 mm (TI1699)
516;de;1;/;Maße 1800x600 mm (TI1866)
516;en;1;/;Dimensions 1800x600 mm (TI1866)
516;fr;1;/;Dimensions 1800x600 mm (TI1866)
516;nl;1;/;Afmeting 1800x600 mm (TI1866)
517;de;1;/;Maße 1800x700 mm (TI1877)
517;en;1;/;Dimensions 1800x700 mm (TI1877)
517;fr;1;/;Dimensions 1800x700 mm (TI1877)
517;nl;1;/;Afmeting 1800x700 mm (TI1877)
518;de;1;/;Maße 1800x800 mm (TI1888)
518;en;1;/;Dimensions 1800x800 mm (TI1888)
518;fr;1;/;Dimensions 1800x800 mm (TI1888)
518;nl;1;/;Afmeting 1800x800 mm (TI1888)
519;de;1;/;Maße 1800x900 mm (TI1899)
519;en;1;/;Dimensions 1800x900 mm (TI1899)
519;fr;1;/;Dimensions 1800x900 mm (TI1899)
519;nl;1;/;Afmeting 1800x900 mm (TI1899)
520;de;1;/;Maße 2000x600 mm (TI2066)
520;en;1;/;Dimensions 2000x600 mm (TI2066)
520;fr;1;/;Dimensions 2000x600 mm (TI2066)
520;nl;1;/;Afmeting 2000x600 mm (TI2066)
521;de;1;/;Maße 2000x700 mm (TI2077)
521;en;1;/;Dimensions 2000x700 mm (TI2077)
521;fr;1;/;Dimensions 2000x700 mm (TI2077)
521;nl;1;/;Afmeting 2000x700 mm (TI2077)
522;de;1;/;Maße 2000x800 mm (TI2088)
522;en;1;/;Dimensions 2000x800 mm (TI2088)
522;fr;1;/;Dimensions 2000x800 mm (TI2088)
522;nl;1;/;Afmeting 2000x800 mm (TI2088)
523;de;1;/;Maße 2000x900 mm (TI2099)
523;en;1;/;Dimensions 2000x900 mm (TI2099)
523;fr;1;/;Dimensions 2000x900 mm (TI2099)
523;nl;1;/;Afmeting 2000x900 mm (TI2099)
529;de;1;/;Ausfräsung (ASF10)
529;en;1;/;Cut-out (ASF10)
529;fr;1;/;Découpe (ASF10)
529;nl;1;/;Uitsparing (ASF10)
530;de;1;/;Ausfräsung (ASF13)
530;en;1;/;Cut-out (ASF13)
530;fr;1;/;Découpe (ASF13)
530;nl;1;/;Uitsparing (ASF13)
531;de;1;/;Ausfräsung (ASF14)
531;en;1;/;Cut-out (ASF14)
531;fr;1;/;Découpe (ASF14)
531;nl;1;/;Uitsparing (ASF14)
532;de;1;/;Ausfräsung (ASF15)
532;en;1;/;Cut-out (ASF15)
532;fr;1;/;Découpe (ASF15)
532;nl;1;/;Uitsparing (ASF15)
533;de;1;/;Ausfräsung (ASF16)
533;en;1;/;Cut-out (ASF16)
533;fr;1;/;Découpe (ASF16)
533;nl;1;/;Uitsparing (ASF16)
534;de;1;/;Ausfräsung (ASF17)
534;en;1;/;Cut-out (ASF17)
534;fr;1;/;Découpe (ASF17)
534;nl;1;/;Uitsparing (ASF17)
535;de;1;/;Ausfräsung (ASF2)
535;en;1;/;Cut-out (ASF2)
535;fr;1;/;Découpe (ASF2)
535;nl;1;/;Uitsparing (ASF2)
536;de;1;/;Ausfräsung (ASF23)
536;en;1;/;Cut-out (ASF23)
536;fr;1;/;Découpe (ASF23)
536;nl;1;/;Uitsparing (ASF23)
537;de;1;/;Ausfräsung (ASF26)
537;en;1;/;Cut-out (ASF26)
537;fr;1;/;Découpe (ASF26)
537;nl;1;/;Uitsparing (ASF26)
538;de;1;/;Ausfräsung (ASF29)
538;en;1;/;Cut-out (ASF29)
538;fr;1;/;Découpe (ASF29)
538;nl;1;/;Uitsparing (ASF29)
539;de;1;/;Ausfräsung (ASF3)
539;en;1;/;Cut-out (ASF3)
539;fr;1;/;Découpe (ASF3)
539;nl;1;/;Uitsparing (ASF3)
540;de;1;/;Ausfräsung (ASF6)
540;en;1;/;Cut-out (ASF6)
540;fr;1;/;Découpe (ASF6)
540;nl;1;/;Uitsparing (ASF6)
541;de;1;/;Ausfräsung (ASF7)
541;en;1;/;Cut-out (ASF7)
541;fr;1;/;Découpe (ASF7)
541;nl;1;/;Uitsparing (ASF7)
542;de;1;/;Ausfräsung (ASF8)
542;en;1;/;Cut-out (ASF8)
542;fr;1;/;Découpe (ASF8)
542;nl;1;/;Uitsparing (ASF8)
543;de;1;/;Ausfräsung (ASF9)
543;en;1;/;Cut-out (ASF9)
543;fr;1;/;Découpe (ASF9)
543;nl;1;/;Uitsparing (ASF9)
544;de;1;/;Kabeldurchlassdose Edelstahl (KD_ESL)
544;en;1;/;Cable box Stainless steel (KD_ESL)
544;fr;1;/;Boîte de passage de câbles Inox (KD_ESL)
544;nl;1;/;Kabeldoorvoerdoos Edelstaal (KD_ESL)
545;de;1;/;Kabeldurchlassdose (KD8)
545;en;1;/;Cable box (KD8)
545;fr;1;/;Boîte de passage de câbles (KD8)
545;nl;1;/;Kabeldoorvoerdoos (KD8)
546;de;1;/;Plattenkantenart (PK2)
546;en;1;/;Type of top edge (PK2)
546;fr;1;/;Type de rebord de plateau (PK2)
546;nl;1;/;Bladrand aard (PK2)
547;de;1;/;Wireless Charging (WCS4)
547;en;1;/;Wireless Charging (WCS4)
547;fr;1;/;Chargeur Wi-Fi  (WCS4)
547;nl;1;/;Wireless Charging (WCS4)
553;de;1;/;Adapterausschnitt (AA1)
553;en;1;/;Cut-out for adapter (AA1)
553;fr;1;/;Découpe pour adaptateur (AA1)
553;nl;1;/;Adapteruitsparing (AA1)
554;de;1;/;Adapterausschnitte (AA2)
554;en;1;/;Cut-outs for adapters (AA2)
554;fr;1;/;Découpes pour adaptateurs (AA2)
554;nl;1;/;Adapteruitsparingen (AA2)
555;de;1;/;Adapterausschnitte (AA3)
555;en;1;/;Cut-outs for adapters  (AA3)
555;fr;1;/;Découpes pour adaptateurs (AA3)
555;nl;1;/;Adapteruitsparingen (AA3)
556;de;1;/;Ausfräsung (ASFDY)
556;en;1;/;Cut-out (ASFDY)
556;fr;1;/;Découpe (ASFDY)
556;nl;1;/;Uitsparing (ASFDY)
557;de;1;/;Maße 1200x1680 mm (DB1216)
557;en;1;/;Dimensions 1200x1680 mm (DB1216)
557;fr;1;/;Dimensions 1200x1680 mm (DB1216)
557;nl;1;/;Afmeting 1200x1680 mm (DB1216)
558;de;1;/;Maße 1200x1880 mm (DB1218)
558;en;1;/;Dimensions 1200x1880 mm (DB1218)
558;fr;1;/;Dimensions 1200x1880 mm (DB1218)
558;nl;1;/;Afmeting 1200x1880 mm (DB1218)
559;de;1;/;Elekrifizierungsbucht (Kabelführung) (KAF314)
559;en;1;/;Electrics cut-out (cable management) (KAF314)
559;fr;1;/;Découpe d’électrification (guidage des câbles) (KAF314)
559;nl;1;/;Elektrifikatie-richel (kabeldoorvoer) (KAF314)
560;de;1;/;Elekrifizierungsbucht (Kabelführung) (KAF316)
560;en;1;/;Electrics cut-out (cable management) (KAF316)
560;fr;1;/;Découpe d’électrification (guidage des câbles) (KAF316)
560;nl;1;/;Elektrifikatie-richel (kabeldoorvoer) (KAF316)
561;de;1;/;Elekrifizierungsbucht (Kabelführung) (KAF318)
561;en;1;/;Electrics cut-out (cable management) (KAF318)
561;fr;1;/;Découpe d’électrification (guidage des câbles) (KAF318)
561;nl;1;/;Elektrifikatie-richel (kabeldoorvoer) (KAF318)
562;de;1;/;Elekrifizierungsbucht (Kabelführung) (KAF320)
562;en;1;/;Electrics cut-out (cable management) (KAF320)
562;fr;1;/;Découpe d’électrification (guidage des câbles) (KAF320)
562;nl;1;/;Elektrifikatie-richel (kabeldoorvoer) (KAF320)
563;de;1;/;Elekrifizierungsbucht (Kabelführung) (KAF614)
563;en;1;/;Electrics cut-out (cable management) (KAF614)
563;fr;1;/;Découpe d’électrification (guidage des câbles) (KAF614)
563;nl;1;/;Elektrifikatie-richel (kabeldoorvoer) (KAF614)
564;de;1;/;Elekrifizierungsbucht (Kabelführung) (KAF616)
564;en;1;/;Electrics cut-out (cable management) (KAF616)
564;fr;1;/;Découpe d’électrification (guidage des câbles) (KAF616)
564;nl;1;/;Elektrifikatie-richel (kabeldoorvoer) (KAF616)
565;de;1;/;Elekrifizierungsbucht (Kabelführung) (KAF618)
565;en;1;/;Electrics cut-out (cable management) (KAF618)
565;fr;1;/;Découpe d’électrification (guidage des câbles) (KAF618)
565;nl;1;/;Elektrifikatie-richel (kabeldoorvoer) (KAF618)
566;de;1;/;Elekrifizierungsbucht (Kabelführung) (KAF620)
566;en;1;/;Electrics cut-out (cable management) (KAF620)
566;fr;1;/;Découpe d’électrification (guidage des câbles) (KAF620)
566;nl;1;/;Elektrifikatie-richel (kabeldoorvoer) (KAF620)
567;de;1;/;Plattenkantenart (PK3)
567;en;1;/;Type of top edge (PK3)
567;fr;1;/;Type de rebord de plateau (PK3)
567;nl;1;/;Bladrand aard (PK3)
568;de;1;/;Schiebeplatte (PL1)
568;en;1;/;Sliding panel (PL1)
568;fr;1;/;Plateau coulissant (PL1)
568;nl;1;/;Schuifblad (PL1)
569;de;1;/;Platteneckenradius (PRD3)
569;en;1;/;Top corner radius (PRD3)
569;fr;1;/;Rayon d’angle de plateau (PRD3)
569;nl;1;/;Bladhoekradius (PRD3)
570;de;1;/;Sondermaß Plattenüberstand (UEBM)
570;en;1;/;Special dimension top overhang (UEBM)
570;fr;1;/;Dimension spéciale plateau en débord (UEBM)
570;nl;1;/;Speciale afmeting bladoversteek (UEBM)
594;de;1;/;Plattenkantenart (PK4)
594;en;1;/;Type of top edge (PK4)
594;fr;1;/;Type de rebord de plateau (PK4)
594;nl;1;/;Bladrand aard (PK4)
598;de;1;/;Maße 800x700 mm (TI0877)
598;en;1;/;Dimensions 800x700 mm (TI0877)
598;fr;1;/;Dimensions 800x700 mm (TI0877)
598;nl;1;/;Afmeting 800x700 mm (TI0877)
599;de;1;/;Maße 800x800 mm (TI0888)
599;en;1;/;Dimensions 800x800 mm (TI0888)
599;fr;1;/;Dimensions 800x800 mm (TI0888)
599;nl;1;/;Afmeting 800x800 mm (TI0888)
600;de;1;/;Maße 800x900 mm (TI0899)
600;en;1;/;Dimensions 800x900 mm (TI0899)
600;fr;1;/;Dimensions 800x900 mm (TI0899)
600;nl;1;/;Afmeting 800x900 mm (TI0899)
601;de;1;/;Sondermaß Plattenüberstand (UEBL)
601;en;1;/;Special dimension top overhang (UEBL)
601;fr;1;/;Dimension spéciale plateau en débord (UEBL)
601;nl;1;/;Speciale afmeting bladoversteek (UEBL)
602;de;1;/;Sondermaß Plattenüberstand (UEBR)
602;en;1;/;Special dimension top overhang (UEBR)
602;fr;1;/;Dimension spéciale plateau en débord (UEBR)
602;nl;1;/;Speciale afmeting bladoversteek (UEBR)
606;de;1;/;Tischklappe (ASF21)
606;en;1;/;Table flap (ASF21)
606;fr;1;/;Trappe de table (ASF21)
606;nl;1;/;Tafelklep (ASF21)
607;de;1;/;Chrom (GC36_3)
607;en;1;/;Chrome (GC36_3)
607;fr;1;/;Chrome (GC36_3)
607;nl;1;/;Chroom (GC36_3)
608;de;1;/;A-Fuß Gestelldesign (GTC1_3)
608;en;1;/;A-leg frame design (GTC1_3)
608;fr;1;/;Pied-A design de piétement (GTC1_3)
608;nl;1;/;A-poot ondersteldesign (GTC1_3)
609;de;1;/;A-Fuß Gestelldesign (GTC2_3)
609;en;1;/;A-leg frame design (GTC2_3)
609;fr;1;/;Pied-A design de piétement (GTC2_3)
609;nl;1;/;A-poot ondersteldesign (GTC2_3)
610;de;1;/;A-Fuß Gestelldesign (GTC3_3)
610;en;1;/;A-leg frame design (GTC3_3)
610;fr;1;/;Pied-A design de piétement (GTC3_3)
610;nl;1;/;A-poot ondersteldesign (GTC3_3)
611;de;1;/;A-Fuß Gestelldesign (GTC4_3)
611;en;1;/;A-leg frame design (GTC4_3)
611;fr;1;/;Pied-A design de piétement (GTC4_3)
611;nl;1;/;A-poot ondersteldesign (GTC4_3)
661;de;1;/;Elekrifizierungsbucht (Kabelführung) (KAF514)
661;en;1;/;Electrics cut-out (cable management) (KAF514)
661;fr;1;/;Découpe d’électrification (guidage des câbles) (KAF514)
661;nl;1;/;Elektrifikatie-richel (kabeldoorvoer) (KAF514)
662;de;1;/;Elekrifizierungsbucht (Kabelführung) (KAF516)
662;en;1;/;Electrics cut-out (cable management) (KAF516)
662;fr;1;/;Découpe d’électrification (guidage des câbles) (KAF516)
662;nl;1;/;Elektrifikatie-richel (kabeldoorvoer) (KAF516)
663;de;1;/;Elekrifizierungsbucht (Kabelführung) (KAF518)
663;en;1;/;Electrics cut-out (cable management) (KAF518)
663;fr;1;/;Découpe d’électrification (guidage des câbles) (KAF518)
663;nl;1;/;Elektrifikatie-richel (kabeldoorvoer) (KAF518)
664;de;1;/;Elekrifizierungsbucht (Kabelführung) (KAF520)
664;en;1;/;Electrics cut-out (cable management) (KAF520)
664;fr;1;/;Découpe d’électrification (guidage des câbles) (KAF520)
664;nl;1;/;Elektrifikatie-richel (kabeldoorvoer) (KAF520)
665;de;1;/;Plattenkantenart (PK5)
665;en;1;/;Type of top edge (PK5)
665;fr;1;/;Type de rebord de plateau (PK5)
665;nl;1;/;Bladrand aard (PK5)
710;de;1;/;Anbau an Tischtiefe 1000 mm (HE10)
710;en;1;/;Extension to table depth 1000 mm (HE10)
710;fr;1;/;Annexe à la profondeur de la table 1000 mm (HE10)
710;nl;1;/;Aanbouw aan tafeldiepte 1000 mm (HE10)
711;de;1;/;Anbau an Tischtiefe 900 mm (HE90)
711;en;1;/;Extension to table depth 900 mm (HE90)
711;fr;1;/;Annexe à la profondeur de la table 900 mm (HE90)
711;nl;1;/;Aanbouw aan tafeldiepte 900 mm (HE90)
712;de;1;/;Anbau an Tischtiefe 1000 mm (MOT10)
712;en;1;/;Extension to table depth 1000 mm (MOT10)
712;fr;1;/;Annexe à la profondeur de la table 1000 mm (MOT10)
712;nl;1;/;Aanbouw aan tafeldiepte 1000 mm (MOT10)
713;de;1;/;Anbau an Tischtiefe 900 mm (MOT90)
713;en;1;/;Extension to table depth 900 mm (MOT90)
713;fr;1;/;Annexe à la profondeur de la table 900 mm (MOT90)
713;nl;1;/;Aanbouw aan tafeldiepte 900 mm (MOT90)
724;de;1;/;Anbau an Motorverstellung (AHV2)
724;en;1;/;Assembly to motorized height adjustment (AHV2)
724;fr;1;/;Montage à réglage en hauteur motorisé (AHV2)
724;nl;1;/;Aanbouw aan motorverstelling (AHV2)
725;de;1;/;Anbau an Tischtiefe 1680 mm (HE16)
725;en;1;/;Extension to table depth 1680 mm (HE16)
725;fr;1;/;Annexe à la profondeur de la table 1680 mm (HE16)
725;nl;1;/;Aanbouw aan tafeldiepte 1680 mm (HE16)
726;de;1;/;Anbau an Tischtiefe 1880 mm (HE18)
726;en;1;/;Extension to table depth 1880 mm (HE18)
726;fr;1;/;Annexe à la profondeur de la table 1880 mm (HE18)
726;nl;1;/;Aanbouw aan tafeldiepte 1880 mm (HE18)
727;de;1;/;Anbau an Tischtiefe 2 x 1000 mm (HE210)
727;en;1;/;Extension to table depth 2 x 1000 mm (HE210)
727;fr;1;/;Annexe à la profondeur de la table 2 x 1000 mm (HE210)
727;nl;1;/;Aanbouw aan tafeldiepte 2 x 1000 mm (HE210)
728;de;1;/;Anbau an Tischtiefe 2 x 800 mm (HE280)
728;en;1;/;Extension to table depth 2 x 800 mm (HE280)
728;fr;1;/;Annexe à la profondeur de la table 2 x 800 mm (HE280)
728;nl;1;/;Aanbouw aan tafeldiepte 2 x 800 mm (HE280)
729;de;1;/;Anbau an Tischtiefe 2 x 900 mm (HE290)
729;en;1;/;Extension to table depth 2 x 900 mm (HE290)
729;fr;1;/;Annexe à la profondeur de la table 2 x 900 mm (HE290)
729;nl;1;/;Aanbouw aan tafeldiepte 2 x 900 mm (HE290)
730;de;1;/;Anbau an Tischtiefe 1680 mm (MOT16)
730;en;1;/;Extension to table depth 1680 mm (MOT16)
730;fr;1;/;Annexe à la profondeur de la table 1680 mm (MOT16)
730;nl;1;/;Aanbouw aan tafeldiepte 1680 mm (MOT16)
731;de;1;/;Anbau an Tischtiefe 1880 mm (MOT18)
731;en;1;/;Extension to table depth 1880 mm (MOT18)
731;fr;1;/;Annexe à la profondeur de la table 1880 mm (MOT18)
731;nl;1;/;Aanbouw aan tafeldiepte 1880 mm (MOT18)
732;de;1;/;Anbau an Tischtiefe 2 x 1000 mm (MOT210)
732;en;1;/;Extension to table depth 2 x 1000 mm (MOT210)
732;fr;1;/;Annexe à la profondeur de la table 2 x 1000 mm (MOT210)
732;nl;1;/;Aanbouw aan tafeldiepte 2 x 1000 mm (MOT210)
733;de;1;/;Anbau an Tischtiefe 2 x 800 mm (MOT280)
733;en;1;/;Extension to table depth 2 x 800 mm (MOT280)
733;fr;1;/;Annexe à la profondeur de la table 2 x 800 mm (MOT280)
733;nl;1;/;Aanbouw aan tafeldiepte 2 x 800 mm (MOT280)
734;de;1;/;Anbau an Tischtiefe 2 x 900 mm (MOT290)
734;en;1;/;Extension to table depth 2 x 900 mm (MOT290)
734;fr;1;/;Annexe à la profondeur de la table 2 x 900 mm (MOT290)
734;nl;1;/;Aanbouw aan tafeldiepte 2 x 900 mm (MOT290)
735;de;1;/;Anbau an Tischtiefe 800 mm (MOT80)
735;en;1;/;Extension to table depth 800 mm (MOT80)
735;fr;1;/;Annexe à la profondeur de la table 800 mm (MOT80)
735;nl;1;/;Aanbouw aan tafeldiepte 800 mm (MOT80)
738;de;1;/;Sitzpolsterauflage (AFL2)
738;en;1;/;Upholstered seat overlay (AFL2)
738;fr;1;/;Revêtement assise rembourré (AFL2)
738;nl;1;/;Zitkussenoplegger (AFL2)
739;de;1;/;Schaumstoffauflage (AFL3)
739;en;1;/;Foam pad (AFL3)
739;fr;1;/;Tampon en mousse (AFL3)
739;nl;1;/;Schuim pad (AFL3)
740;de;1;/;Stoff Comfort (COMF)
740;en;1;/;Fabric Comfort (COMF)
740;fr;1;/;Tissu Comfort (COMF)
740;nl;1;/;Stof Comfort (COMF)
741;de;1;/;Stoff Standard (STAN)
741;en;1;/;Fabric Standard (STAN)
741;fr;1;/;Tissu Standard (STAN)
741;nl;1;/;Stof Standaard (STAN)
875;de;1;/;Befestigung Personalbox (BBF2)
875;en;1;/;Fixing Personal Box (BBF2)
875;fr;1;/;Fixation Box personal (BBF2)
875;nl;1;/;Bevestiging Personal Box (BBF2)
882;de;1;/;Höhenverstellung (HV29L2)
882;en;1;/;Height adjustment (HV29L2)
882;fr;1;/;Réglage en hauteur (HV29L2)
882;nl;1;/;Hoogteverstelling (HV29L2)
883;de;1;/;Höhenverstellung (HV29T2)
883;en;1;/;Height adjustment (HV29T2)
883;fr;1;/;Réglage en hauteur (HV29T2)
883;nl;1;/;Hoogteverstelling (HV29T2)
884;de;1;/;Fixe Höhe 1060 mm (HV42L2)
884;en;1;/;Fixed Height 1060 mm (HV42L2)
884;fr;1;/;Hauteur fixe 1060 mm (HV42L2)
884;nl;1;/;Vaste hoogte 1060 mm (HV42L2)
885;de;1;/;Fixe Höhe 1060 mm (HV42T2)
885;en;1;/;Fixed Height 1060 mm (HV42T2)
885;fr;1;/;Hauteur fixe 1060 mm (HV42T2)
885;nl;1;/;Vaste hoogte 1060 mm (HV42T2)
886;de;1;/;Maße 1600x1600 mm (TI1616)
886;en;1;/;Dimensions 1600x1600 mm (TI1616)
886;fr;1;/;Dimensions 1600x1600 mm (TI1616)
886;nl;1;/;Afmeting 1600x1600 mm (TI1616)
887;de;1;/;Maße 1800x1400 mm (TI1814)
887;en;1;/;Dimensions 1800x1400 mm (TI1814)
887;fr;1;/;Dimensions 1800x1400 mm (TI1814)
887;nl;1;/;Afmeting 1800x1400 mm (TI1814)
888;de;1;/;Maße 1800x1600 mm (TI1816)
888;en;1;/;Dimensions 1800x1600 mm (TI1816)
888;fr;1;/;Dimensions 1800x1600 mm (TI1816)
888;nl;1;/;Afmeting 1800x1600 mm (TI1816)
889;de;1;/;Maße 2000x1400 mm (TI2014)
889;en;1;/;Dimensions 2000x1400 mm (TI2014)
889;fr;1;/;Dimensions 2000x1400 mm (TI2014)
889;nl;1;/;Afmeting 2000x1400 mm (TI2014)
890;de;1;/;Maße 2000x1600 mm (TI2016)
890;en;1;/;Dimensions 2000x1600 mm (TI2016)
890;fr;1;/;Dimensions 2000x1600 mm (TI2016)
890;nl;1;/;Afmeting 2000x1600 mm (TI2016)
910;de;1;/;Kabelwanne (KW2120)
910;en;1;/;Cable tray (KW2120)
910;fr;1;/;Goulotte de câblage (KW2120)
910;nl;1;/;Kabelgoot (KW2120)
911;de;1;/;Maße 2400x1600 mm (TI2416)
911;en;1;/;Dimensions 2400x1600 mm (TI2416)
911;fr;1;/;Dimensions 2400x1600 mm (TI2416)
911;nl;1;/;Afmeting 2400x1600 mm (TI2416)
912;de;1;/;Maße 2800x1400 mm (TI2814)
912;en;1;/;Dimensions 2800x1400 mm (TI2814)
912;fr;1;/;Dimensions 2800x1400 mm (TI2814)
912;nl;1;/;Afmeting 2800x1400 mm (TI2814)
913;de;1;/;Maße 2800x1600 mm (TI2816)
913;en;1;/;Dimensions 2800x1600 mm (TI2816)
913;fr;1;/;Dimensions 2800x1600 mm (TI2816)
913;nl;1;/;Afmeting 2800x1600 mm (TI2816)
915;de;1;/;Maße 2200x1600 mm (TI2216)
915;en;1;/;Dimensions 2200x1600 mm (TI2216)
915;fr;1;/;Dimensions 2200x1600 mm (TI2216)
915;nl;1;/;Afmeting 2200x1600 mm (TI2216)
916;de;1;/;Maße 2400x1400 mm (TI2414)
916;en;1;/;Dimensions 2400x1400 mm (TI2414)
916;fr;1;/;Dimensions 2400x1400 mm (TI2414)
916;nl;1;/;Afmeting 2400x1400 mm (TI2414)
918;de;1;/;Kabelwanne (KW2109)
918;en;1;/;Cable tray (KW2109)
918;fr;1;/;Goulotte de câblage (KW2109)
918;nl;1;/;Kabelgoot (KW2109)
919;de;1;/;Maße 1800x1200 mm (TI1812)
919;en;1;/;Dimensions 1800x1200 mm (TI1812)
919;fr;1;/;Dimensions 1800x1200 mm (TI1812)
919;nl;1;/;Afmeting 1800x1200 mm (TI1812)
920;de;1;/;Maße 2000x1200 mm (TI2012)
920;en;1;/;Dimensions 2000x1200 mm (TI2012)
920;fr;1;/;Dimensions 2000x1200 mm (TI2012)
920;nl;1;/;Afmeting 2000x1200 mm (TI2012)
922;de;1;/;Maße 1600x1200 mm (TI1612)
922;en;1;/;Dimensions 1600x1200 mm (TI1612)
922;fr;1;/;Dimensions 1600x1200 mm (TI1612)
922;nl;1;/;Afmeting 1600x1200 mm (TI1612)
925;de;1;/;Chrom (GC_3)
925;en;1;/;Chrome (GC_3)
925;fr;1;/;Chrome (GC_3)
925;nl;1;/;Chroom (GC_3)
926;de;1;/;Chrom (GC20_3)
926;en;1;/;Chrome (GC20_3)
926;fr;1;/;Chrome (GC20_3)
926;nl;1;/;Chroom (GC20_3)
927;de;1;/;Höhenverstellung (HV29L2_3)
927;en;1;/;Height adjustment (HV29L2_3)
927;fr;1;/;Réglage en hauteur (HV29L2_3)
927;nl;1;/;Hoogteverstelling (HV29L2_3)
928;de;1;/;Höhenverstellung (HV29L2_4)
928;en;1;/;Height adjustment (HV29L2_4)
928;fr;1;/;Réglage en hauteur (HV29L2_4)
928;nl;1;/;Hoogteverstelling (HV29L2_4)
929;de;1;/;Höhenverstellung (HV29L2_6)
929;en;1;/;Height adjustment (HV29L2_6)
929;fr;1;/;Réglage en hauteur (HV29L2_6)
929;nl;1;/;Hoogteverstelling (HV29L2_6)
930;de;1;/;Höhenverstellung (HV29T2_3)
930;en;1;/;Height adjustment (HV29T2_3)
930;fr;1;/;Réglage en hauteur (HV29T2_3)
930;nl;1;/;Hoogteverstelling (HV29T2_3)
931;de;1;/;Höhenverstellung (HV29T2_4)
931;en;1;/;Height adjustment (HV29T2_4)
931;fr;1;/;Réglage en hauteur (HV29T2_4)
931;nl;1;/;Hoogteverstelling (HV29T2_4)
932;de;1;/;Höhenverstellung (HV29T2_6)
932;en;1;/;Height adjustment (HV29T2_6)
932;fr;1;/;Réglage en hauteur (HV29T2_6)
932;nl;1;/;Hoogteverstelling (HV29T2_6)
933;de;1;/;Motorverstellung (HV33T2_3)
933;en;1;/;Motorised adjustment (HV33T2_3)
933;fr;1;/;Réglage motorisé (HV33T2_3)
933;nl;1;/;Motorverstelling (HV33T2_3)
934;de;1;/;Motorverstellung (HV33T2_4)
934;en;1;/;Motorised adjustment (HV33T2_4)
934;fr;1;/;Réglage motorisé (HV33T2_4)
934;nl;1;/;Motorverstelling (HV33T2_4)
935;de;1;/;Motorverstellung (HV33T2_6)
935;en;1;/;Motorised adjustment (HV33T2_6)
935;fr;1;/;Réglage motorisé (HV33T2_6)
935;nl;1;/;Motorverstelling (HV33T2_6)
936;de;1;/;Liftverstellung (HV54T2)
936;en;1;/;Lift adjustment (HV54T2)
936;fr;1;/;Réglage Lift (HV54T2)
936;nl;1;/;Liftverstelling (HV54T2)
937;de;1;/;Motorverstellung (HV56T2_3)
937;en;1;/;Motorised adjustment (HV56T2_3)
937;fr;1;/;Réglage motorisé (HV56T2_3)
937;nl;1;/;Motorverstelling (HV56T2_3)
938;de;1;/;Motorverstellung (HV56T2_4)
938;en;1;/;Motorised adjustment (HV56T2_4)
938;fr;1;/;Réglage motorisé (HV56T2_4)
938;nl;1;/;Motorverstelling (HV56T2_4)
939;de;1;/;Motorverstellung (HV56T2_6)
939;en;1;/;Motorised adjustment (HV56T2_6)
939;fr;1;/;Réglage motorisé (HV56T2_6)
939;nl;1;/;Motorverstelling (HV56T2_6)
940;de;1;/;Maße 3200x1400 mm (TI3214)
940;en;1;/;Dimensions 3200x1400 mm (TI3214)
940;fr;1;/;Dimensions 3200x1400 mm (TI3214)
940;nl;1;/;Afmeting 3200x1400 mm (TI3214)
941;de;1;/;Maße 3200x1600 mm (TI3216)
941;en;1;/;Dimensions 3200x1600 mm (TI3216)
941;fr;1;/;Dimensions 3200x1600 mm (TI3216)
941;nl;1;/;Afmeting 3200x1600 mm (TI3216)
942;de;1;/;Maße 4000x1400 mm (TI4014)
942;en;1;/;Dimensions 4000x1400 mm (TI4014)
942;fr;1;/;Dimensions 4000x1400 mm (TI4014)
942;nl;1;/;Afmeting 4000x1400 mm (TI4014)
943;de;1;/;Maße 4000x1600 mm (TI4016)
943;en;1;/;Dimensions 4000x1600 mm (TI4016)
943;fr;1;/;Dimensions 4000x1600 mm (TI4016)
943;nl;1;/;Afmeting 4000x1600 mm (TI4016)
948;de;1;/;Maße 2200x1200 mm (TI2212)
948;en;1;/;Dimensions 2200x1200 mm (TI2212)
948;fr;1;/;Dimensions 2200x1200 mm (TI2212)
948;nl;1;/;Afmeting 2200x1200 mm (TI2212)
949;de;1;/;Maße 2400x1200 mm (TI2412)
949;en;1;/;Dimensions 2400x1200 mm (TI2412)
949;fr;1;/;Dimensions 2400x1200 mm (TI2412)
949;nl;1;/;Afmeting 2400x1200 mm (TI2412)
950;de;1;/;Tischklappe (TKL2)
950;en;1;/;Table flap (TKL2)
950;fr;1;/;Trappe de table (TKL2)
950;nl;1;/;Tafelklep (TKL2)
952;de;1;/;Manschette Alu poliert (AP35_3)
952;en;1;/;Collar polished aluminium (AP35_3)
952;fr;1;/;Manchette aluminium poli (AP35_3)
952;nl;1;/;Manchet gepolijst aluminium (AP35_3)
953;de;1;/;Maße 1200x1200 mm (TI1212)
953;en;1;/;Dimensions 1200x1200 mm (TI1212)
953;fr;1;/;Dimensions 1200x1200 mm (TI1212)
953;nl;1;/;Afmeting 1200x1200 mm (TI1212)
954;de;1;/;Maße 1400x1200 mm (TI1412)
954;en;1;/;Dimensions 1400x1200 mm (TI1412)
954;fr;1;/;Dimensions 1400x1200 mm (TI1412)
954;nl;1;/;Afmeting 1400x1200 mm (TI1412)
955;de;1;/;Maße 2200x1000 mm (TI2211)
955;en;1;/;Dimensions 2200x1000 mm (TI2211)
955;fr;1;/;Dimensions 2200x1000 mm (TI2211)
955;nl;1;/;Afmeting 2200x1000 mm (TI2211)
956;de;1;/;Maße 2200x800 mm (TI2288)
956;en;1;/;Dimensions 2200x800 mm (TI2288)
956;fr;1;/;Dimensions 2200x800 mm (TI2288)
956;nl;1;/;Afmeting 2200x800 mm (TI2288)
957;de;1;/;Maße 2400x1000 mm (TI2411)
957;en;1;/;Dimensions 2400x1000 mm (TI2411)
957;fr;1;/;Dimensions 2400x1000 mm (TI2411)
957;nl;1;/;Afmeting 2400x1000 mm (TI2411)
958;de;1;/;Maße 2400x800 mm (TI2488)
958;en;1;/;Dimensions 2400x800 mm (TI2488)
958;fr;1;/;Dimensions 2400x800 mm (TI2488)
958;nl;1;/;Afmeting 2400x800 mm (TI2488)
959;de;1;/;Maße 3200x1000 mm (TI3211)
959;en;1;/;Dimensions 3200x1000 mm (TI3211)
959;fr;1;/;Dimensions 3200x1000 mm (TI3211)
959;nl;1;/;Afmeting 3200x1000 mm (TI3211)
960;de;1;/;Maße 3200x1200 mm (TI3212)
960;en;1;/;Dimensions 3200x1200 mm (TI3212)
960;fr;1;/;Dimensions 3200x1200 mm (TI3212)
960;nl;1;/;Afmeting 3200x1200 mm (TI3212)
961;de;1;/;Maße 3200x800 mm (TI3288)
961;en;1;/;Dimensions 3200x800 mm (TI3288)
961;fr;1;/;Dimensions 3200x800 mm (TI3288)
961;nl;1;/;Afmeting 3200x800 mm (TI3288)
962;de;1;/;Maße 3600x1000 mm (TI3611)
962;en;1;/;Dimensions 3600x1000 mm (TI3611)
962;fr;1;/;Dimensions 3600x1000 mm (TI3611)
962;nl;1;/;Afmeting 3600x1000 mm (TI3611)
963;de;1;/;Maße 3600x1200 mm (TI3612)
963;en;1;/;Dimensions 3600x1200 mm (TI3612)
963;fr;1;/;Dimensions 3600x1200 mm (TI3612)
963;nl;1;/;Afmeting 3600x1200 mm (TI3612)
964;de;1;/;Maße 3600x800 mm (TI3688)
964;en;1;/;Dimensions 3600x800 mm (TI3688)
964;fr;1;/;Dimensions 3600x800 mm (TI3688)
964;nl;1;/;Afmeting 3600x800 mm (TI3688)
965;de;1;/;Maße 4000x1000 mm (TI4011)
965;en;1;/;Dimensions 4000x1000 mm (TI4011)
965;fr;1;/;Dimensions 4000x1000 mm (TI4011)
965;nl;1;/;Afmeting 4000x1000 mm (TI4011)
966;de;1;/;Maße 4000x1200 mm (TI4012)
966;en;1;/;Dimensions 4000x1200 mm (TI4012)
966;fr;1;/;Dimensions 4000x1200 mm (TI4012)
966;nl;1;/;Afmeting 4000x1200 mm (TI4012)
967;de;1;/;Maße 4000x800 mm (TI4088)
967;en;1;/;Dimensions 4000x800 mm (TI4088)
967;fr;1;/;Dimensions 4000x800 mm (TI4088)
967;nl;1;/;Afmeting 4000x800 mm (TI4088)
969;de;1;/;Maße 2100x1100 mm (TI2111)
969;en;1;/;Dimensions 2100x1100 mm (TI2111)
969;fr;1;/;Dimensions 2100x1100 mm (TI2111)
969;nl;1;/;Afmeting 2100x1100 mm (TI2111)
976;de;1;/;Tischklappe (TKL1)
976;en;1;/;Table flap (TKL1)
976;fr;1;/;Trappe de table (TKL1)
976;nl;1;/;Tafelklep (TKL1)
1004;de;1;/;Sondermaß Plattenkürzung (KRZL)
1004;en;1;/;Special dimension top shortening (KRZL)
1004;fr;1;/;Dimension spéciale raccourcissement de plateau (KRZL)
1004;nl;1;/;Speciale afmeting Bladverkorting (KRZL)
1005;de;1;/;Sondermaß Plattenkürzung (KRZR)
1005;en;1;/;Special dimension top shortening (KRZR)
1005;fr;1;/;Dimension spéciale raccourcissement de plateau (KRZR)
1005;nl;1;/;Speciale afmeting Bladverkorting (KRZR)
1019;de;1;/;Plattengeometrie gerundet (BF_12_BOG_R)
1019;en;1;/;Top geometry rounded (BF_12_BOG_R)
1019;fr;1;/;Géométrie de plateau arrondi (BF_12_BOG_R)
1019;nl;1;/;Bladgeometrie afgerond (BF_12_BOG_R)
1027;de;1;/;3x Schuko, 1x2 USB Charger (PB301)
1027;en;1;/;3x Schuko, 1x2 USB Charger (PB301)
1027;fr;1;/;3x Schuko, 1x2 USB Charger (PB301)
1027;nl;1;/;3x Schuko, 1x2 USB Charger (PB301)
1048;de;1;/;Motorverstellung (HV33L2_3)
1048;en;1;/;Motorised adjustment (HV33L2_3)
1048;fr;1;/;Réglage motorisé (HV33L2_3)
1048;nl;1;/;Motorverstelling (HV33L2_3)
1049;de;1;/;Motorverstellung (HV33L2_4)
1049;en;1;/;Motorised adjustment (HV33L2_4)
1049;fr;1;/;Réglage motorisé (HV33L2_4)
1049;nl;1;/;Motorverstelling (HV33L2_4)
1050;de;1;/;Motorverstellung (HV33L2_6)
1050;en;1;/;Motorised adjustment (HV33L2_6)
1050;fr;1;/;Réglage motorisé (HV33L2_6)
1050;nl;1;/;Motorverstelling (HV33L2_6)
1051;de;1;/;Motorverstellung (HV56L2_3)
1051;en;1;/;Motorised adjustment (HV56L2_3)
1051;fr;1;/;Réglage motorisé (HV56L2_3)
1051;nl;1;/;Motorverstelling (HV56L2_3)
1052;de;1;/;Motorverstellung (HV56L2_4)
1052;en;1;/;Motorised adjustment (HV56L2_4)
1052;fr;1;/;Réglage motorisé (HV56L2_4)
1052;nl;1;/;Motorverstelling (HV56L2_4)
1053;de;1;/;Motorverstellung (HV56L2_6)
1053;en;1;/;Motorised adjustment (HV56L2_6)
1053;fr;1;/;Réglage motorisé (HV56L2_6)
1053;nl;1;/;Motorverstelling (HV56L2_6)
1064;de;1;/;Maße 2200x700 mm (TI2277)
1064;en;1;/;Dimensions 2200x700 mm (TI2277)
1064;fr;1;/;Dimensions 2200x700 mm (TI2277)
1064;nl;1;/;Afmeting 2200x700 mm (TI2277)
1065;de;1;/;Maße 2400x700 mm (TI2477)
1065;en;1;/;Dimensions 2400x700 mm (TI2477)
1065;fr;1;/;Dimensions 2400x700 mm (TI2477)
1065;nl;1;/;Afmeting 2400x700 mm (TI2477)
1079;de;1;/;Paneelbreite (PN10)
1079;en;1;/;Screen width (PN10)
1079;fr;1;/;Largeur de panneau (PN10)
1079;nl;1;/;Paneelbreedte (PN10)
1093;de;1;/;Befestigung an Tischadapter (KA4)
1093;en;1;/;Fixing to table adapters (KA4)
1093;fr;1;/;Fixation sur adaptateurs du table (KA4)
1093;nl;1;/;Bevestiging aan tafeladapters (KA4)
1094;de;1;/;Befestigung in Rasterschiene (KA8)
1094;en;1;/;Fixing in support rail (KA8)
1094;fr;1;/;Fixation dans la crémaillère (KA8)
1094;nl;1;/;Bevestiging in rasterrail (KA8)
1095;de;1;/;Befestigung in Organisationsschiene/Reling (KA9)
1095;en;1;/;Fixing in organiser rail/rail (KA9)
1095;fr;1;/;Fixation dans le rails d’organisation/rambarde (KA9)
1095;nl;1;/;Bevestiging in organisatierail/reling (KA9)
1109;de;1;/;Liftverstellung (HV59L2)
1109;en;1;/;Lift adjustment (HV59L2)
1109;fr;1;/;Réglage lift (HV59L2)
1109;nl;1;/;Liftverstelling (HV59L2)
1110;de;1;/;Liftverstellung (HV59T2)
1110;en;1;/;Lift adjustment (HV59T2)
1110;fr;1;/;Réglage lift (HV59T2)
1110;nl;1;/;Liftverstelling (HV59T2)
1111;de;1;/;Klappfunktion Tischplatte (KFT1)
1111;en;1;/;Folding function table top (KFT1)
1111;fr;1;/;Plateau de table à fonction pliante (KFT1)
1111;nl;1;/;Klapfunctie tafelblad (KFT1)
1112;de;1;/;Schwarz Struktur (KSS)
1112;en;1;/;Black textured (KSS)
1112;fr;1;/;Noir structurée (KSS)
1112;nl;1;/;Zwart structuur (KSS)
1141;de;1;/;Plattendämpfung (PDF1)
1141;en;1;/;Soft-close mechanism (PDF1)
1141;fr;1;/;Amortissement de plateau (PDF1)
1141;nl;1;/;Bladdemping (PDF1)
1159;de;1;/;Ausfräsung (ASF24)
1159;en;1;/;Cut-out (ASF24)
1159;fr;1;/;Découpe (ASF24)
1159;nl;1;/;Uitsparing (ASF24)
1160;de;1;/;Whiteboard (WHB_QM)
1160;en;1;/;Whiteboard (WHB_QM)
1160;fr;1;/;Whiteboard (WHB_QM)
1160;nl;1;/;Whiteboard (WHB_QM)
1161;de;1;/;Whiteboard, magnetisch (WHBM_QM)
1161;en;1;/;Whiteboard, magnetic (WHBM_QM)
1161;fr;1;/;Whiteboard, magnétique (WHBM_QM)
1161;nl;1;/;Whiteboard, magnetisch (WHBM_QM)
1207;de;1;/;Plattenstärke 13 mm (PSD13)
1207;en;1;/;Top thickness 13 mm (PSD13)
1207;fr;1;/;Épaisseur de plateau 13 mm (PSD13)
1207;nl;1;/;Bladdikte 13 mm (PSD13)
1223;de;1;/;Schublade (SCHB1)
1223;en;1;/;Drawer (SCHB1)
1223;fr;1;/;Tiroir (SCHB1)
1223;nl;1;/;Schuiflade (SCHB1)
1229;de;1;/;Seitenverkleidung für Tischtiefe 1680 mm (SWA16)
1229;en;1;/;Side cover for table depth 1680 mm (SWA16)
1229;fr;1;/;Habillage latéral pour profondeur de table 1680 mm (SWA16)
1229;nl;1;/;Zijpaneel voor tafeldiepte 1680 mm (SWA16)
1230;de;1;/;Seitenverkleidung für Tischtiefe 1880 mm (SWA18)
1230;en;1;/;Side cover for table depth 1880 mm (SWA18)
1230;fr;1;/;Habillage latéral pour profondeur de table 1880 mm (SWA18)
1230;nl;1;/;Zijpaneel voor tafeldiepte 1880 mm (SWA18)
1289;de;1;/;Filzauflage (AFL1)
1289;en;1;/;Felt overlay (AFL1)
1289;fr;1;/;Revêtement en feutre (AFL1)
1289;nl;1;/;Viltoplegger (AFL1)
1290;de;1;/;Einlegeboden (EB1)
1290;en;1;/;Shelf (EB1)
1290;fr;1;/;Tablette (EB1)
1290;nl;1;/;Legplank (EB1)
1291;de;1;/;Gestell (GE1)
1291;en;1;/;Frame (GE1)
1291;fr;1;/;Piètement (GE1)
1291;nl;1;/;Frame (GE1)
1292;de;1;/;Griffschlaufe (GSL2)
1292;en;1;/;Pull strap (GSL2)
1292;fr;1;/;Boucle de poignée latérale (GSL2)
1292;nl;1;/;Greeplus (GSL2)
1293;de;1;/;USB-A 3.0 Keystone (KEY1)
1293;en;1;/;USB-A 3.0 Keystone (KEY1)
1293;fr;1;/;USB-A 3.0 Keystone (KEY1)
1293;nl;1;/;USB-A 3.0 Keystone (KEY1)
1294;de;1;/;Halterung (OR1)
1294;en;1;/;Holder (OR1)
1294;fr;1;/;Support (OR1)
1294;nl;1;/;Houder (OR1)
1295;de;1;/;Zahlenschloss Free-/Fixcode (ZFRIX)
1295;en;1;/;Combination lock free/fix code (ZFRIX)
1295;fr;1;/;Serrure à combinaison code libre/fixe (ZFRIX)
1295;nl;1;/;Cijferslot met vrij/fix code (ZFRIX)
1318;de;1;/;Rückwandverblendung (RW10)
1318;en;1;/;Modesty panel (RW10)
1318;fr;1;/;Voile de fond (RW10)
1318;nl;1;/;Achterschot (RW10)
1319;de;1;/;Rückwandverblendung (RW12)
1319;en;1;/;Modesty panel (RW12)
1319;fr;1;/;Voile de fond (RW12)
1319;nl;1;/;Achterschot (RW12)
1320;de;1;/;Rückwandverblendung (RW14)
1320;en;1;/;Modesty panel (RW14)
1320;fr;1;/;Voile de fond (RW14)
1320;nl;1;/;Achterschot (RW14)
1321;de;1;/;Rückwandverblendung (RW16)
1321;en;1;/;Modesty panel (RW16)
1321;fr;1;/;Voile de fond (RW16)
1321;nl;1;/;Achterschot (RW16)
1322;de;1;/;Rückwandverblendung (RW18)
1322;en;1;/;Modesty panel (RW18)
1322;fr;1;/;Voile de fond (RW18)
1322;nl;1;/;Achterschot (RW18)
1323;de;1;/;Rückwandverblendung (RW20)
1323;en;1;/;Modesty panel (RW20)
1323;fr;1;/;Voile de fond (RW20)
1323;nl;1;/;Achterschot (RW20)
1352;de;1;/;Bucht mit Bürste und Funktionsschiene (KAF5)
1352;en;1;/;Cut-out with brush and functional rail (KAF5)
1352;fr;1;/;Découpe avec brosse et rail fonctionnel (KAF5)
1352;nl;1;/;Richel met borstel en functie rail (KAF5)
1356;de;1;/;Bucht mit Bürste (KAF3)
1356;en;1;/;Cut-out with brush (KAF3)
1356;fr;1;/;Découpe avec brosse (KAF3)
1356;nl;1;/;Richel met borstel (KAF3)
1357;de;1;/;Bucht ohne Bürste (KAF6)
1357;en;1;/;Cut-out without brush (KAF6)
1357;fr;1;/;Découpe sans brosse (KAF6)
1357;nl;1;/;Richel zonder borstel (KAF6)
1361;de;1;/;Bucht mit Funktionsschiene (KAF4)
1361;en;1;/;Cut-out with functional rail (KAF4)
1361;fr;1;/;Découpe avec rail fonctionnel (KAF4)
1361;nl;1;/;Richel met functie rail (KAF4)
