ANBAU135_B;B1_TI;1;16.0;;N;4;0;1;0;0;0;R;0;
ANBAU135_B;T1_TI;2;19.0;;N;4;0;1;0;0;0;R;0;
ANBAU135_B;ANB_TI_RETURN;3;21.0;2.0;C;3;0;1;0;0;0;C;0;
ANBAU135_B;GST_DESIGN;4;24.0;;C;4;0;1;0;0;0;C;0;
ANBAU135_B;F2;5;27.0;3.0;C;4;0;1;0;0;0;C;0;
ANBAU135_B;OBFL01_TI;6;36.0;;C;3;0;1;0;0;0;C;0;
ANBAU135_B;F1;7;41.0;5.0;C;4;0;1;0;0;0;C;0;
ANBAU135_B;F6;8;63.0;10.0;C;3;0;1;0;0;0;C;0;
ANBAU135_B;PLATTENSTAERKE;9;67.0;;C;5;0;1;0;0;0;C;0;
ANBAU135_B;ECK_GEO;10;71.0;20.0;C;4;0;1;0;0;0;C;0;
ANBAU135_B;KT_GEO;11;74.0;;C;5;0;1;0;0;0;R;0;
ANBAU135_B;F20;12;76.0;21.0;C;3;0;1;0;0;0;C;0;
ANBAU135_B;ABR_DESIGN;13;78.0;22.0;C;4;0;1;0;0;0;C;0;
ANBAU135_B;ANB;14;81.0;;C;2;0;1;0;0;0;C;0;
ANBAU135_B;LIEFERUNG;15;84.0;;C;3;0;1;0;0;0;C;0;
ANBAU135_B;QUADRATMETER;16;86.0;;N;10;8;0;0;0;0;R;0;
ANBAU135_B;CACHE;17;;;N;4;2;0;0;0;0;R;0;
ANBAU135_B;CACHE_4;18;;;C;6;0;0;0;0;0;R;0;
ANBAU135_B;MATNR;19;87.0;;C;18;0;0;0;0;0;R;0;
ANBAU135_B;TZWISCHENSPEICHER2;20;;;N;6;3;1;0;0;0;R;0;
ANBAU135_B;TGEWICHT;21;;;N;6;3;1;0;0;0;R;0;
ZZ_ABSTANDSHALTER;GST_DESIGN;1;24.0;;C;4;0;1;0;0;0;C;0;
ZZ_ABSTANDSHALTER;F8;2;91.0;;C;3;0;1;0;0;0;C;0;
ZZ_ABSTANDSHALTER;TYP_ABH;3;92.0;;C;4;0;1;0;0;0;C;0;
ZZ_AS_ZUBEHOER135_B;GST_DESIGN;1;24.0;;C;4;0;1;0;0;0;C;0;
ZZ_AS_ZUBEHOER135_B;F8;2;91.0;;C;3;0;1;0;0;0;C;0;
ZZ_AS_ZUBEHOER135_B;PLATTENSTAERKE;3;67.0;;C;5;0;1;0;0;0;C;0;
ZZ_AS_ZUBEHOER135_D;GST_DESIGN;1;24.0;;C;4;0;1;0;0;0;C;0;
ZZ_AS_ZUBEHOER135_D;F12;2;101.0;;C;3;0;1;0;0;0;C;0;
ZZ_AS_ZUBEHOER135_D;PLATTENSTAERKE;3;67.0;25.0;C;5;0;0;0;0;0;C;0;
ZZ_AS_ZUBEHOER135_D;MATNR;4;87.0;;C;18;0;0;0;0;0;R;0;
ZZ_AS_ZUBEHOER135_G;GST_DESIGN;1;24.0;;C;4;0;1;0;0;0;C;0;
ZZ_AS_ZUBEHOER135_G;F76;2;103.0;;C;3;0;1;0;0;0;C;0;
ZZ_AS_ZUBEHOER135_G;PLATTENSTAERKE;3;67.0;;C;5;0;1;0;0;0;C;0;
ZZ_AS_GESTELL_BERATER;B1_TI;1;16.0;;N;4;0;1;0;0;0;C;0;
ZZ_AS_GESTELL_BERATER;T1_TI;2;19.0;;N;4;0;1;0;0;0;C;0;
ZZ_AS_GESTELL_BERATER;BESPR_SEITE;3;211.0;;C;4;0;1;0;0;0;C;0;
ZZ_AS_GESTELL_BERATER;GST_DESIGN;4;24.0;27.0;C;4;0;1;0;0;0;C;0;
ZZ_AS_GESTELL_BERATER;F2;5;212.0;28.0;C;4;0;1;0;0;0;C;0;
ZZ_AS_GESTELL_BERATER;H_VERSTELL;6;214.0;;C;5;0;1;0;0;0;C;0;
ZZ_AS_GESTELL_BERATER;DISPLAY;7;219.0;35.0;C;4;0;1;0;0;0;C;0;
ZZ_AS_GESTELL_BERATER;F211;8;224.0;36.0;C;2;0;1;0;0;0;C;0;
ZZ_AS_GESTELL_BERATER;PIEZO;9;225.0;37.0;C;5;0;1;0;0;0;C;0;
ZZ_AS_GESTELL_BERATER;FUSS_DESIGN;10;228.0;39.0;C;5;0;1;0;0;0;C;0;
ZZ_AS_GESTELL_BERATER;F11;11;237.0;48.0;C;3;0;1;0;0;0;C;0;
ZZ_AS_GESTELL_BERATER;GST_COVER;12;238.0;51.0;C;4;0;1;0;0;0;C;0;
ZZ_AS_GESTELL_BERATER;F213;13;244.0;54.0;C;4;0;1;0;0;0;C;0;
ZZ_AS_GESTELL_BERATER;F214;14;245.0;55.0;C;4;0;1;0;0;0;C;0;
ZZ_AS_GESTELL_BERATER;H_AUSGLEICH;15;246.0;56.0;C;4;0;1;0;0;0;C;0;
ZZ_AS_GESTELL_BERATER;KABELWANNE;16;249.0;57.0;C;5;0;1;0;0;0;C;0;
ZZ_AS_GESTELL_BERATER;F35;17;253.0;58.0;C;3;0;1;0;0;0;C;0;
ZZ_AS_GESTELL_BERATER;ELEKTRO_LAND;18;254.0;59.0;C;2;0;1;0;0;0;C;0;
ZZ_AS_GESTELL_BERATER;ELEKTRO;19;259.0;60.0;C;4;0;1;0;0;0;C;0;
ZZ_AS_GESTELL_BERATER;STECKDOSE_2_FACH;20;267.0;61.0;C;5;0;1;0;0;0;C;0;
ZZ_AS_GESTELL_BERATER;BESTUECKUNG_1_2FACH;21;271.0;62.0;C;5;0;0;0;0;0;C;0;
ZZ_AS_GESTELL_BERATER;BESTUECKUNG_2_2FACH;22;274.0;63.0;C;5;0;0;0;0;0;C;0;
ZZ_AS_GESTELL_BERATER;STECKDOSE_3_FACH;23;275.0;61.0;C;5;0;1;0;0;0;C;0;
ZZ_AS_GESTELL_BERATER;BESTUECKUNG_1_3FACH;24;279.0;64.0;C;5;0;0;0;0;0;C;0;
ZZ_AS_GESTELL_BERATER;BESTUECKUNG_2_3FACH;25;286.0;65.0;C;5;0;0;0;0;0;C;0;
ZZ_AS_GESTELL_BERATER;STECKDOSE_4_FACH;26;287.0;61.0;C;5;0;1;0;0;0;C;0;
ZZ_AS_GESTELL_BERATER;BESTUECKUNG_1_4FACH;27;291.0;66.0;C;5;0;0;0;0;0;C;0;
ZZ_AS_GESTELL_BERATER;BESTUECKUNG_2_4FACH;28;302.0;67.0;C;5;0;0;0;0;0;C;0;
ZZ_AS_GESTELL_BERATER;STECKDOSE_5_FACH;29;303.0;61.0;C;5;0;1;0;0;0;C;0;
ZZ_AS_GESTELL_BERATER;BESTUECKUNG_1_5FACH;30;307.0;68.0;C;5;0;0;0;0;0;C;0;
ZZ_AS_GESTELL_BERATER;BESTUECKUNG_2_5FACH;31;310.0;69.0;C;5;0;0;0;0;0;C;0;
ZZ_AS_GESTELL_BERATER;BESTUECKUNG_1_PROFB;32;311.0;61.0;C;5;0;1;0;0;0;C;0;
ZZ_AS_GESTELL_BERATER;ZUFUEHRKABEL_1;33;320.0;61.0;C;5;0;1;0;0;0;C;0;
ZZ_AS_GESTELL_BERATER;ZUFUEHRKABEL_2;34;336.0;72.0;C;4;0;1;0;0;0;C;0;
ZZ_AS_GESTELL_BERATER;KUPPLUNGSKABEL_1;35;338.0;61.0;C;5;0;1;0;0;0;C;0;
ZZ_AS_GESTELL_BERATER;KUPPLUNGSKABEL_2;36;355.0;73.0;C;5;0;1;0;0;0;C;0;
ZZ_AS_GESTELL_BERATER;VERTEILER_1;37;357.0;61.0;C;5;0;1;0;0;0;C;0;
ZZ_AS_GESTELL_BERATER;LIEFERUNG;38;84.0;74.0;C;3;0;1;0;0;0;C;0;
ZZ_AS_GESTELL_BERATER;MATNR;39;87.0;;C;18;0;0;0;0;0;R;0;
ZZ_AS_GESTELL_BERATER;CACHE;40;;;N;4;2;0;0;0;0;R;0;
ZZ_AS_GESTELL_BERATER;CACHE_4;41;;;C;6;0;0;0;0;0;R;0;
ZZ_AS_GESTELL_BERATER;TZWISCHENSPEICHER2;42;;;N;6;3;1;0;0;0;R;0;
ZZ_AS_GESTELL_BERATER;TGEWICHT;43;;;N;6;3;1;0;0;0;R;0;
ZZ_AS_GESTELL_BENCH;B1_TI;1;16.0;;N;4;0;1;0;0;0;C;0;
ZZ_AS_GESTELL_BENCH;T1_TI;2;19.0;;N;4;0;1;0;0;0;C;0;
ZZ_AS_GESTELL_BENCH;GST_DESIGN;3;24.0;;C;4;0;1;0;0;0;C;0;
ZZ_AS_GESTELL_BENCH;F2;4;212.0;76.0;C;4;0;1;0;0;0;C;0;
ZZ_AS_GESTELL_BENCH;H_VERSTELL;5;214.0;;C;5;0;1;0;0;0;C;0;
ZZ_AS_GESTELL_BENCH;DISPLAY;6;219.0;35.0;C;4;0;1;0;0;0;C;0;
ZZ_AS_GESTELL_BENCH;F211;7;224.0;36.0;C;2;0;1;0;0;0;C;0;
ZZ_AS_GESTELL_BENCH;PIEZO;8;225.0;37.0;C;5;0;1;0;0;0;C;0;
ZZ_AS_GESTELL_BENCH;KABELWANNE;9;249.0;77.0;C;5;0;1;0;0;0;C;0;
ZZ_AS_GESTELL_BENCH;F35;10;431.0;58.0;C;3;0;1;0;0;0;C;0;
ZZ_AS_GESTELL_BENCH;KABELWANNE_BENCH;11;432.0;80.0;C;4;0;1;0;0;0;C;0;
ZZ_AS_GESTELL_BENCH;KABELFUEHRUNG;12;436.0;81.0;C;4;0;1;0;0;0;C;0;
ZZ_AS_GESTELL_BENCH;ELEKTRO_LAND;13;254.0;59.0;C;2;0;1;0;0;0;C;0;
ZZ_AS_GESTELL_BENCH;ELEKTRO;14;259.0;60.0;C;4;0;1;0;0;0;C;0;
ZZ_AS_GESTELL_BENCH;STECKDOSE_2_FACH;15;267.0;61.0;C;5;0;1;0;0;0;C;0;
ZZ_AS_GESTELL_BENCH;BESTUECKUNG_1_2FACH;16;271.0;62.0;C;5;0;0;0;0;0;C;0;
ZZ_AS_GESTELL_BENCH;BESTUECKUNG_2_2FACH;17;274.0;63.0;C;5;0;0;0;0;0;C;0;
ZZ_AS_GESTELL_BENCH;STECKDOSE_3_FACH;18;275.0;61.0;C;5;0;1;0;0;0;C;0;
ZZ_AS_GESTELL_BENCH;BESTUECKUNG_1_3FACH;19;279.0;64.0;C;5;0;0;0;0;0;C;0;
ZZ_AS_GESTELL_BENCH;BESTUECKUNG_2_3FACH;20;286.0;65.0;C;5;0;0;0;0;0;C;0;
ZZ_AS_GESTELL_BENCH;STECKDOSE_4_FACH;21;287.0;61.0;C;5;0;1;0;0;0;C;0;
ZZ_AS_GESTELL_BENCH;BESTUECKUNG_1_4FACH;22;291.0;66.0;C;5;0;0;0;0;0;C;0;
ZZ_AS_GESTELL_BENCH;BESTUECKUNG_2_4FACH;23;302.0;67.0;C;5;0;0;0;0;0;C;0;
ZZ_AS_GESTELL_BENCH;STECKDOSE_5_FACH;24;303.0;61.0;C;5;0;1;0;0;0;C;0;
ZZ_AS_GESTELL_BENCH;BESTUECKUNG_1_5FACH;25;307.0;68.0;C;5;0;0;0;0;0;C;0;
ZZ_AS_GESTELL_BENCH;BESTUECKUNG_2_5FACH;26;310.0;69.0;C;5;0;0;0;0;0;C;0;
ZZ_AS_GESTELL_BENCH;BESTUECKUNG_1_PROFB;27;311.0;61.0;C;5;0;1;0;0;0;C;0;
ZZ_AS_GESTELL_BENCH;ZUFUEHRKABEL_1;28;320.0;61.0;C;5;0;1;0;0;0;C;0;
ZZ_AS_GESTELL_BENCH;ZUFUEHRKABEL_2;29;336.0;72.0;C;4;0;1;0;0;0;C;0;
ZZ_AS_GESTELL_BENCH;KUPPLUNGSKABEL_1;30;338.0;61.0;C;5;0;1;0;0;0;C;0;
ZZ_AS_GESTELL_BENCH;KUPPLUNGSKABEL_2;31;355.0;73.0;C;5;0;1;0;0;0;C;0;
ZZ_AS_GESTELL_BENCH;VERTEILER_1;32;357.0;61.0;C;5;0;1;0;0;0;C;0;
ZZ_AS_GESTELL_BENCH;PLATTENSTAERKE;33;67.0;;C;5;0;1;0;0;0;C;0;
ZZ_AS_GESTELL_BENCH;POS_ADAPTER;34;439.0;83.0;C;5;0;1;0;0;0;C;0;
ZZ_AS_GESTELL_BENCH;GST_EINGER;35;448.0;88.0;C;4;0;1;0;0;0;C;0;
ZZ_AS_GESTELL_BENCH;LIEFERUNG;36;84.0;74.0;C;3;0;1;0;0;0;C;0;
ZZ_AS_GESTELL_BENCH;MATNR;37;87.0;;C;18;0;0;0;0;0;R;0;
ZZ_AS_GESTELL_BENCH;CACHE;38;;;N;4;2;0;0;0;0;R;0;
ZZ_AS_GESTELL_BENCH;CACHE_2;39;;;C;6;0;0;0;0;0;R;0;
ZZ_AS_GESTELL_BENCH;CACHE_4;40;;;C;6;0;0;0;0;0;R;0;
ZZ_AS_GESTELL_BENCH;TZWISCHENSPEICHER2;41;;;N;6;3;1;0;0;0;R;0;
ZZ_AS_GESTELL_BENCH;TGEWICHT;42;;;N;6;3;1;0;0;0;R;0;
ZZ_AS_GESTELL_NORMAL;B1_TI;1;16.0;;N;4;0;1;0;0;0;C;0;
ZZ_AS_GESTELL_NORMAL;T1_TI;2;19.0;;N;4;0;1;0;0;0;C;0;
ZZ_AS_GESTELL_NORMAL;GST_DESIGN;3;24.0;27.0;C;4;0;1;0;0;0;C;0;
ZZ_AS_GESTELL_NORMAL;F2;4;212.0;28.0;C;4;0;1;0;0;0;C;0;
ZZ_AS_GESTELL_NORMAL;H_VERSTELL;5;214.0;;C;5;0;1;0;0;0;C;0;
ZZ_AS_GESTELL_NORMAL;DISPLAY;6;219.0;35.0;C;4;0;1;0;0;0;C;0;
ZZ_AS_GESTELL_NORMAL;F211;7;224.0;36.0;C;2;0;1;0;0;0;C;0;
ZZ_AS_GESTELL_NORMAL;PIEZO;8;225.0;37.0;C;5;0;1;0;0;0;C;0;
ZZ_AS_GESTELL_NORMAL;FUSS_DESIGN;9;228.0;39.0;C;5;0;1;0;0;0;C;0;
ZZ_AS_GESTELL_NORMAL;F11;10;237.0;48.0;C;3;0;1;0;0;0;C;0;
ZZ_AS_GESTELL_NORMAL;GST_EINGER;11;448.0;88.0;C;4;0;1;0;0;0;C;0;
ZZ_AS_GESTELL_NORMAL;GST_COVER;12;238.0;51.0;C;4;0;1;0;0;0;C;0;
ZZ_AS_GESTELL_NORMAL;F213;13;244.0;54.0;C;4;0;1;0;0;0;C;0;
ZZ_AS_GESTELL_NORMAL;F214;14;245.0;55.0;C;4;0;1;0;0;0;C;0;
ZZ_AS_GESTELL_NORMAL;ROLLEN_B4;15;474.0;106.0;C;3;0;1;0;0;0;C;0;
ZZ_AS_GESTELL_NORMAL;F127;16;477.0;108.0;C;2;0;1;0;0;0;C;0;
ZZ_AS_GESTELL_NORMAL;H_AUSGLEICH;17;246.0;56.0;C;4;0;1;0;0;0;C;0;
ZZ_AS_GESTELL_NORMAL;RETURN;18;478.0;109.0;C;3;0;1;0;0;0;C;0;
ZZ_AS_GESTELL_NORMAL;KABELWANNE;19;249.0;110.0;C;5;0;1;0;0;0;C;0;
ZZ_AS_GESTELL_NORMAL;F35;20;431.0;58.0;C;3;0;1;0;0;0;C;0;
ZZ_AS_GESTELL_NORMAL;KABELFUEHRUNG;21;436.0;81.0;C;4;0;1;0;0;0;C;0;
ZZ_AS_GESTELL_NORMAL;ELEKTRO_LAND;22;254.0;59.0;C;2;0;1;0;0;0;C;0;
ZZ_AS_GESTELL_NORMAL;ELEKTRO;23;259.0;60.0;C;4;0;1;0;0;0;C;0;
ZZ_AS_GESTELL_NORMAL;STECKDOSE_2_FACH;24;267.0;61.0;C;5;0;1;0;0;0;C;0;
ZZ_AS_GESTELL_NORMAL;BESTUECKUNG_1_2FACH;25;271.0;62.0;C;5;0;0;0;0;0;C;0;
ZZ_AS_GESTELL_NORMAL;BESTUECKUNG_2_2FACH;26;274.0;63.0;C;5;0;0;0;0;0;C;0;
ZZ_AS_GESTELL_NORMAL;STECKDOSE_3_FACH;27;275.0;61.0;C;5;0;1;0;0;0;C;0;
ZZ_AS_GESTELL_NORMAL;BESTUECKUNG_1_3FACH;28;279.0;64.0;C;5;0;0;0;0;0;C;0;
ZZ_AS_GESTELL_NORMAL;BESTUECKUNG_2_3FACH;29;286.0;65.0;C;5;0;0;0;0;0;C;0;
ZZ_AS_GESTELL_NORMAL;STECKDOSE_4_FACH;30;287.0;61.0;C;5;0;1;0;0;0;C;0;
ZZ_AS_GESTELL_NORMAL;BESTUECKUNG_1_4FACH;31;291.0;66.0;C;5;0;0;0;0;0;C;0;
ZZ_AS_GESTELL_NORMAL;BESTUECKUNG_2_4FACH;32;302.0;67.0;C;5;0;0;0;0;0;C;0;
ZZ_AS_GESTELL_NORMAL;STECKDOSE_5_FACH;33;303.0;61.0;C;5;0;1;0;0;0;C;0;
ZZ_AS_GESTELL_NORMAL;BESTUECKUNG_1_5FACH;34;307.0;68.0;C;5;0;0;0;0;0;C;0;
ZZ_AS_GESTELL_NORMAL;BESTUECKUNG_2_5FACH;35;310.0;69.0;C;5;0;0;0;0;0;C;0;
ZZ_AS_GESTELL_NORMAL;BESTUECKUNG_1_PROFB;36;311.0;61.0;C;5;0;1;0;0;0;C;0;
ZZ_AS_GESTELL_NORMAL;ZUFUEHRKABEL_1;37;320.0;61.0;C;5;0;1;0;0;0;C;0;
ZZ_AS_GESTELL_NORMAL;ZUFUEHRKABEL_2;38;336.0;72.0;C;4;0;1;0;0;0;C;0;
ZZ_AS_GESTELL_NORMAL;KUPPLUNGSKABEL_1;39;338.0;61.0;C;5;0;1;0;0;0;C;0;
ZZ_AS_GESTELL_NORMAL;KUPPLUNGSKABEL_2;40;355.0;73.0;C;5;0;1;0;0;0;C;0;
ZZ_AS_GESTELL_NORMAL;VERTEILER_1;41;357.0;61.0;C;5;0;1;0;0;0;C;0;
ZZ_AS_GESTELL_NORMAL;PLATTENSTAERKE;42;67.0;;C;5;0;1;0;0;0;C;0;
ZZ_AS_GESTELL_NORMAL;POS_ADAPTER;43;439.0;83.0;C;5;0;1;0;0;0;C;0;
ZZ_AS_GESTELL_NORMAL;LIEFERUNG;44;84.0;74.0;C;3;0;1;0;0;0;C;0;
ZZ_AS_GESTELL_NORMAL;MATNR;45;87.0;;C;18;0;0;0;0;0;R;0;
ZZ_AS_GESTELL_NORMAL;CACHE;46;;;N;6;0;0;0;0;0;R;0;
ZZ_AS_GESTELL_NORMAL;CACHE_4;47;;;C;6;0;0;0;0;0;R;0;
ZZ_AS_GESTELL_NORMAL;TZWISCHENSPEICHER2;48;;;N;6;3;1;0;0;0;R;0;
ZZ_AS_GESTELL_NORMAL;TGEWICHT;49;;;N;6;3;1;0;0;0;R;0;
ZZ_AS_GESTELL_ANBAU;B1_TI;1;16.0;;N;4;0;1;0;0;0;C;0;
ZZ_AS_GESTELL_ANBAU;T1_TI;2;19.0;;N;4;0;1;0;0;0;C;0;
ZZ_AS_GESTELL_ANBAU;ANBAU_RETURN;3;525.0;;C;4;0;1;0;0;0;C;0;
ZZ_AS_GESTELL_ANBAU;ANB_TI_RETURN;4;21.0;;C;3;0;1;0;0;0;C;0;
ZZ_AS_GESTELL_ANBAU;GST_DESIGN;5;24.0;;C;4;0;1;0;0;0;C;0;
ZZ_AS_GESTELL_ANBAU;F2;6;212.0;28.0;C;4;0;1;0;0;0;C;0;
ZZ_AS_GESTELL_ANBAU;H_VERSTELL;7;214.0;;C;5;0;1;0;0;0;C;0;
ZZ_AS_GESTELL_ANBAU;FUSS_DESIGN;8;228.0;39.0;C;5;0;1;0;0;0;C;0;
ZZ_AS_GESTELL_ANBAU;F11;9;237.0;48.0;C;3;0;1;0;0;0;C;0;
ZZ_AS_GESTELL_ANBAU;GST_EINGER;10;448.0;88.0;C;4;0;1;0;0;0;C;0;
ZZ_AS_GESTELL_ANBAU;GST_COVER;11;238.0;51.0;C;4;0;1;0;0;0;C;0;
ZZ_AS_GESTELL_ANBAU;F213;12;244.0;54.0;C;4;0;1;0;0;0;C;0;
ZZ_AS_GESTELL_ANBAU;F214;13;245.0;55.0;C;4;0;1;0;0;0;C;0;
ZZ_AS_GESTELL_ANBAU;H_AUSGLEICH;14;246.0;56.0;C;4;0;1;0;0;0;C;0;
ZZ_AS_GESTELL_ANBAU;KABELWANNE;15;249.0;57.0;C;5;0;1;0;0;0;C;0;
ZZ_AS_GESTELL_ANBAU;ELEKTRO_LAND;16;254.0;59.0;C;2;0;1;0;0;0;C;0;
ZZ_AS_GESTELL_ANBAU;ELEKTRO;17;259.0;60.0;C;4;0;1;0;0;0;C;0;
ZZ_AS_GESTELL_ANBAU;STECKDOSE_2_FACH;18;267.0;61.0;C;5;0;1;0;0;0;C;0;
ZZ_AS_GESTELL_ANBAU;BESTUECKUNG_1_2FACH;19;271.0;62.0;C;5;0;0;0;0;0;C;0;
ZZ_AS_GESTELL_ANBAU;BESTUECKUNG_2_2FACH;20;274.0;63.0;C;5;0;0;0;0;0;C;0;
ZZ_AS_GESTELL_ANBAU;STECKDOSE_3_FACH;21;275.0;61.0;C;5;0;1;0;0;0;C;0;
ZZ_AS_GESTELL_ANBAU;BESTUECKUNG_1_3FACH;22;279.0;64.0;C;5;0;0;0;0;0;C;0;
ZZ_AS_GESTELL_ANBAU;BESTUECKUNG_2_3FACH;23;286.0;65.0;C;5;0;0;0;0;0;C;0;
ZZ_AS_GESTELL_ANBAU;STECKDOSE_4_FACH;24;287.0;61.0;C;5;0;1;0;0;0;C;0;
ZZ_AS_GESTELL_ANBAU;BESTUECKUNG_1_4FACH;25;291.0;66.0;C;5;0;0;0;0;0;C;0;
ZZ_AS_GESTELL_ANBAU;BESTUECKUNG_2_4FACH;26;302.0;67.0;C;5;0;0;0;0;0;C;0;
ZZ_AS_GESTELL_ANBAU;STECKDOSE_5_FACH;27;303.0;61.0;C;5;0;1;0;0;0;C;0;
ZZ_AS_GESTELL_ANBAU;BESTUECKUNG_1_5FACH;28;307.0;68.0;C;5;0;0;0;0;0;C;0;
ZZ_AS_GESTELL_ANBAU;BESTUECKUNG_2_5FACH;29;310.0;69.0;C;5;0;0;0;0;0;C;0;
ZZ_AS_GESTELL_ANBAU;BESTUECKUNG_1_PROFB;30;311.0;61.0;C;5;0;1;0;0;0;C;0;
ZZ_AS_GESTELL_ANBAU;ZUFUEHRKABEL_1;31;320.0;61.0;C;5;0;1;0;0;0;C;0;
ZZ_AS_GESTELL_ANBAU;ZUFUEHRKABEL_2;32;336.0;72.0;C;4;0;1;0;0;0;C;0;
ZZ_AS_GESTELL_ANBAU;KUPPLUNGSKABEL_1;33;338.0;61.0;C;5;0;1;0;0;0;C;0;
ZZ_AS_GESTELL_ANBAU;KUPPLUNGSKABEL_2;34;355.0;73.0;C;5;0;1;0;0;0;C;0;
ZZ_AS_GESTELL_ANBAU;VERTEILER_1;35;357.0;61.0;C;5;0;1;0;0;0;C;0;
ZZ_AS_GESTELL_ANBAU;PLATTENSTAERKE;36;67.0;;C;5;0;1;0;0;0;C;0;
ZZ_AS_GESTELL_ANBAU;LIEFERUNG;37;84.0;74.0;C;3;0;1;0;0;0;C;0;
ZZ_AS_GESTELL_ANBAU;MATNR;38;87.0;;C;18;0;0;0;0;0;R;0;
ZZ_AS_GESTELL_ANBAU;CACHE;39;;;N;4;2;0;0;0;0;R;0;
ZZ_AS_GESTELL_ANBAU;CACHE_4;40;;;C;6;0;0;0;0;0;R;0;
ZZ_AS_GESTELL_ANBAU;TZWISCHENSPEICHER2;41;;;N;6;3;1;0;0;0;R;0;
ZZ_AS_GESTELL_ANBAU;TGEWICHT;42;;;N;6;3;1;0;0;0;R;0;
ZZ_AS_PLATTE_BERATER;B1_TI;1;16.0;;N;4;0;1;0;0;0;C;0;
ZZ_AS_PLATTE_BERATER;T1_TI;2;19.0;;N;4;0;1;0;0;0;C;0;
ZZ_AS_PLATTE_BERATER;GST_DESIGN;3;24.0;;C;4;0;1;0;0;0;C;0;
ZZ_AS_PLATTE_BERATER;BESPR_SEITE;4;211.0;;C;4;0;1;0;0;0;C;0;
ZZ_AS_PLATTE_BERATER;OBFL01_TI;5;36.0;;C;3;0;1;0;0;0;C;0;
ZZ_AS_PLATTE_BERATER;F1;6;41.0;5.0;C;4;0;1;0;0;0;C;0;
ZZ_AS_PLATTE_BERATER;F6;7;63.0;10.0;C;3;0;1;0;0;0;C;0;
ZZ_AS_PLATTE_BERATER;PLATTENSTAERKE;8;67.0;;C;5;0;1;0;0;0;C;0;
ZZ_AS_PLATTE_BERATER;KT_GEO;9;74.0;;C;5;0;1;0;0;0;C;0;
ZZ_AS_PLATTE_BERATER;SCHIEBEPLATTE;10;549.0;;C;3;0;1;0;0;0;R;0;
ZZ_AS_PLATTE_BERATER;QUADRATMETER;11;;;N;10;8;0;0;0;0;R;0;
ZZ_AS_PLATTE_BERATER;MATNR;12;87.0;;C;18;0;0;0;0;0;R;0;
ZZ_AS_PLATTE_BERATER;CACHE;13;;;N;4;2;0;0;0;0;R;0;
ZZ_AS_PLATTE_BERATER;CACHE_4;14;;;C;6;0;0;0;0;0;R;0;
ZZ_AS_PLATTE_BERATER;TZWISCHENSPEICHER2;15;;;N;6;3;1;0;0;0;R;0;
ZZ_AS_PLATTE_BERATER;TGEWICHT;16;;;N;6;3;1;0;0;0;R;0;
ZZ_AS_PLATTE_BENCH;B1_TI;1;16.0;;N;4;0;1;0;0;0;C;0;
ZZ_AS_PLATTE_BENCH;T1_TI;2;19.0;;N;4;0;0;0;0;0;C;0;
ZZ_AS_PLATTE_BENCH;GST_DESIGN;3;24.0;;C;4;0;1;0;0;0;C;0;
ZZ_AS_PLATTE_BENCH;OBFL01_TI;4;36.0;;C;3;0;1;0;0;0;C;0;
ZZ_AS_PLATTE_BENCH;F1;5;41.0;5.0;C;4;0;1;0;0;0;C;0;
ZZ_AS_PLATTE_BENCH;F6;6;63.0;10.0;C;3;0;1;0;0;0;C;0;
ZZ_AS_PLATTE_BENCH;PLATTENSTAERKE;7;67.0;;C;5;0;1;0;0;0;C;0;
ZZ_AS_PLATTE_BENCH;ECK_GEO;8;71.0;20.0;C;4;0;1;0;0;0;C;0;
ZZ_AS_PLATTE_BENCH;KT_GEO;9;74.0;121.0;C;5;0;1;0;0;0;C;0;
ZZ_AS_PLATTE_BENCH;AD_AUSSCHNITT;10;573.0;123.0;C;3;0;1;0;0;0;C;0;
ZZ_AS_PLATTE_BENCH;POS_AD_AUSSCHNITT;11;578.0;126.0;C;5;0;0;0;0;0;C;0;
ZZ_AS_PLATTE_BENCH;F76;12;103.0;127.0;C;3;0;1;0;0;0;C;0;
ZZ_AS_PLATTE_BENCH;SCHIEBEPLATTE;13;549.0;128.0;C;3;0;1;0;0;0;C;0;
ZZ_AS_PLATTE_BENCH;KABELFUEHRUNG;14;436.0;81.0;C;4;0;1;0;0;0;C;0;
ZZ_AS_PLATTE_BENCH;GST_EINGER;15;448.0;;C;4;0;1;0;0;0;C;0;
ZZ_AS_PLATTE_BENCH;PL_UEBERSTAND_ST;16;589.0;130.0;C;4;0;0;0;0;0;C;0;
ZZ_AS_PLATTE_BENCH;SONDERMASS;17;591.0;131.0;N;4;0;0;0;0;0;C;0;
ZZ_AS_PLATTE_BENCH;QUADRATMETER;18;86.0;;N;10;8;0;0;0;0;R;0;
ZZ_AS_PLATTE_BENCH;MATNR;19;87.0;;C;18;0;0;0;0;0;R;0;
ZZ_AS_PLATTE_BENCH;PRODUKTTYP;20;592.0;;C;13;0;0;0;0;0;R;0;
ZZ_AS_PLATTE_BENCH;CACHE;21;;;N;4;2;0;0;0;0;R;0;
ZZ_AS_PLATTE_BENCH;CACHE_2;22;;;C;6;0;0;0;0;0;R;0;
ZZ_AS_PLATTE_BENCH;CACHE_4;23;;;C;6;0;0;0;0;0;R;0;
ZZ_AS_PLATTE_BENCH;CACHE_ASF13;24;;;N;1;0;0;0;0;0;R;0;
ZZ_AS_PLATTE_BENCH;CACHE_ASF14;25;;;N;1;0;0;0;0;0;R;0;
ZZ_AS_PLATTE_BENCH;CACHE_ASF15;26;;;N;1;0;0;0;0;0;R;0;
ZZ_AS_PLATTE_BENCH;CACHE_WCS4;27;;;N;1;0;0;0;0;0;R;0;
ZZ_AS_PLATTE_BENCH;CACHE_KD8;28;;;N;1;0;0;0;0;0;R;0;
ZZ_AS_PLATTE_BENCH;CACHE_ASF6;29;;;N;1;0;0;0;0;0;R;0;
ZZ_AS_PLATTE_BENCH;CACHE_ASF2;30;;;N;1;0;0;0;0;0;R;0;
ZZ_AS_PLATTE_BENCH;TZWISCHENSPEICHER2;31;;;N;6;3;1;0;0;0;R;0;
ZZ_AS_PLATTE_BENCH;TGEWICHT;32;;;N;6;3;1;0;0;0;R;0;
ZZ_AS_PLATTE_NORMAL;B1_TI;1;16.0;;N;4;0;1;0;0;0;C;0;
ZZ_AS_PLATTE_NORMAL;T1_TI;2;19.0;;N;4;0;1;0;0;0;C;0;
ZZ_AS_PLATTE_NORMAL;GST_DESIGN;3;24.0;;C;4;0;1;0;0;0;C;0;
ZZ_AS_PLATTE_NORMAL;OBFL01_TI;4;36.0;;C;3;0;1;0;0;0;C;0;
ZZ_AS_PLATTE_NORMAL;F1;5;41.0;5.0;C;4;0;1;0;0;0;C;0;
ZZ_AS_PLATTE_NORMAL;F6;6;63.0;10.0;C;3;0;1;0;0;0;C;0;
ZZ_AS_PLATTE_NORMAL;PLATTENSTAERKE;7;67.0;;C;5;0;1;0;0;0;C;0;
ZZ_AS_PLATTE_NORMAL;ECK_GEO;8;71.0;20.0;C;4;0;1;0;0;0;C;0;
ZZ_AS_PLATTE_NORMAL;KT_GEO;9;74.0;121.0;C;5;0;1;0;0;0;C;0;
ZZ_AS_PLATTE_NORMAL;AD_AUSSCHNITT;10;573.0;123.0;C;3;0;1;0;0;0;C;0;
ZZ_AS_PLATTE_NORMAL;POS_AD_AUSSCHNITT;11;578.0;126.0;C;5;0;0;0;0;0;C;0;
ZZ_AS_PLATTE_NORMAL;F76;12;103.0;127.0;C;3;0;1;0;0;0;C;0;
ZZ_AS_PLATTE_NORMAL;SCHIEBEPLATTE;13;549.0;134.0;C;3;0;1;0;0;0;C;0;
ZZ_AS_PLATTE_NORMAL;KABELFUEHRUNG;14;436.0;81.0;C;4;0;1;0;0;0;C;0;
ZZ_AS_PLATTE_NORMAL;GST_EINGER;15;448.0;;C;4;0;1;0;0;0;C;0;
ZZ_AS_PLATTE_NORMAL;PL_UEBERSTAND_ST;16;589.0;135.0;C;4;0;0;0;0;0;C;0;
ZZ_AS_PLATTE_NORMAL;SONDERMASS;17;591.0;131.0;N;4;0;0;0;0;0;C;0;
ZZ_AS_PLATTE_NORMAL;QUADRATMETER;18;86.0;;N;10;8;0;0;0;0;R;0;
ZZ_AS_PLATTE_NORMAL;MATNR;19;87.0;;C;18;0;0;0;0;0;R;0;
ZZ_AS_PLATTE_NORMAL;PRODUKTTYP;20;592.0;;C;13;0;0;0;0;0;R;0;
ZZ_AS_PLATTE_NORMAL;CACHE;21;;;N;4;2;0;0;0;0;R;0;
ZZ_AS_PLATTE_NORMAL;CACHE_2;22;;;C;6;0;0;0;0;0;R;0;
ZZ_AS_PLATTE_NORMAL;CACHE_4;23;;;C;6;0;0;0;0;0;R;0;
ZZ_AS_PLATTE_NORMAL;CACHE_ASF13;24;;;N;1;0;0;0;0;0;R;0;
ZZ_AS_PLATTE_NORMAL;CACHE_ASF14;25;;;N;1;0;0;0;0;0;R;0;
ZZ_AS_PLATTE_NORMAL;CACHE_ASF15;26;;;N;1;0;0;0;0;0;R;0;
ZZ_AS_PLATTE_NORMAL;CACHE_WCS4;27;;;N;1;0;0;0;0;0;R;0;
ZZ_AS_PLATTE_NORMAL;CACHE_KD8;28;;;N;1;0;0;0;0;0;R;0;
ZZ_AS_PLATTE_NORMAL;CACHE_ASF6;29;;;N;1;0;0;0;0;0;R;0;
ZZ_AS_PLATTE_NORMAL;CACHE_ASF2;30;;;N;1;0;0;0;0;0;R;0;
ZZ_AS_PLATTE_NORMAL;TZWISCHENSPEICHER2;31;;;N;6;3;1;0;0;0;R;0;
ZZ_AS_PLATTE_NORMAL;TGEWICHT;32;;;N;6;3;1;0;0;0;R;0;
ZZ_AS_PLATTE_ANBAU;B1_TI;1;16.0;;N;4;0;1;0;0;0;C;0;
ZZ_AS_PLATTE_ANBAU;T1_TI;2;19.0;;N;4;0;1;0;0;0;C;0;
ZZ_AS_PLATTE_ANBAU;GST_DESIGN;3;24.0;;C;4;0;1;0;0;0;C;0;
ZZ_AS_PLATTE_ANBAU;ANBAU_RETURN;4;525.0;;C;4;0;1;0;0;0;C;0;
ZZ_AS_PLATTE_ANBAU;OBFL01_TI;5;36.0;;C;3;0;1;0;0;0;C;0;
ZZ_AS_PLATTE_ANBAU;F1;6;41.0;5.0;C;4;0;1;0;0;0;C;0;
ZZ_AS_PLATTE_ANBAU;F6;7;63.0;10.0;C;3;0;1;0;0;0;C;0;
ZZ_AS_PLATTE_ANBAU;PLATTENSTAERKE;8;67.0;;C;5;0;1;0;0;0;C;0;
ZZ_AS_PLATTE_ANBAU;ECK_GEO;9;71.0;20.0;C;4;0;1;0;0;0;C;0;
ZZ_AS_PLATTE_ANBAU;KT_GEO;10;74.0;;C;5;0;1;0;0;0;R;0;
ZZ_AS_PLATTE_ANBAU;AD_AUSSCHNITT;11;573.0;140.0;C;3;0;1;0;0;0;C;0;
ZZ_AS_PLATTE_ANBAU;POS_AD_AUSSCHNITT;12;578.0;126.0;C;5;0;0;0;0;0;C;0;
ZZ_AS_PLATTE_ANBAU;F76;13;103.0;127.0;C;3;0;1;0;0;0;C;0;
ZZ_AS_PLATTE_ANBAU;GST_EINGER;14;448.0;;C;4;0;1;0;0;0;C;0;
ZZ_AS_PLATTE_ANBAU;CACHE;15;;;N;4;2;0;0;0;0;R;0;
ZZ_AS_PLATTE_ANBAU;CACHE_4;16;;;C;6;0;0;0;0;0;R;0;
ZZ_AS_PLATTE_ANBAU;QUADRATMETER;17;86.0;;N;10;8;0;0;0;0;R;0;
ZZ_AS_PLATTE_ANBAU;MATNR;18;87.0;;C;18;0;0;0;0;0;R;0;
ZZ_AS_PLATTE_ANBAU;TZWISCHENSPEICHER2;19;;;N;6;3;1;0;0;0;R;0;
ZZ_AS_PLATTE_ANBAU;TGEWICHT;20;;;N;6;3;1;0;0;0;R;0;
TischBERATER_Masse;B1_TI;1;16.0;;N;4;0;1;0;0;0;C;0;
TischBERATER_Masse;T1_TI;2;19.0;;N;4;0;1;0;0;0;C;0;
TischBERATER_Gestellvariante;GST_DESIGN;1;24.0;27.0;C;4;0;1;0;0;0;C;0;
TischBERATER_Gestellvariante;F2;2;212.0;28.0;C;4;0;1;0;0;0;C;0;
TischBERATER_Gestellvariante;H_VERSTELL;3;214.0;;C;5;0;1;0;0;0;C;0;
TischBERATER_Gestellvariante;DISPLAY;4;219.0;35.0;C;4;0;1;0;0;0;C;0;
TischBERATER_Gestellvariante;F211;5;224.0;36.0;C;2;0;1;0;0;0;C;0;
TischBERATER_Gestellvariante;PIEZO;6;225.0;37.0;C;5;0;1;0;0;0;C;0;
TischBERATER_Gestellvariante;LAST_LIFT_VERST;7;614.0;142.0;C;5;0;1;0;0;0;C;0;
TischBERATER_Platte;BESPR_SEITE;1;211.0;;C;4;0;1;0;0;0;C;0;
TischBERATER_Platte;OBFL01_TI;2;36.0;;C;3;0;1;0;0;0;C;0;
TischBERATER_Platte;F1;3;41.0;5.0;C;4;0;1;0;0;0;C;0;
TischBERATER_Platte;F6;4;63.0;10.0;C;3;0;1;0;0;0;C;0;
TischBERATER_Platte;PLATTENSTAERKE;5;67.0;;C;5;0;1;0;0;0;C;0;
TischBERATER_Platte;KT_GEO;6;74.0;;C;5;0;1;0;0;0;C;0;
TischBERATER_Gestellausfuehrung;FUSS_DESIGN;1;228.0;39.0;C;5;0;1;0;0;0;C;0;
TischBERATER_Gestellausfuehrung;F11;2;237.0;48.0;C;3;0;1;0;0;0;C;0;
TischBERATER_Gestellausfuehrung;GST_COVER;3;238.0;51.0;C;4;0;1;0;1;0;C;0;
TischBERATER_Gestellausfuehrung;F213;4;244.0;54.0;C;4;0;1;0;0;0;C;0;
TischBERATER_Gestellausfuehrung;F214;5;245.0;55.0;C;4;0;1;0;0;0;C;0;
TischBERATER_Gestellausfuehrung;H_AUSGLEICH;6;246.0;56.0;C;4;0;1;0;0;0;C;0;
TischBERATER_Elektro;KABELWANNE;1;249.0;143.0;C;5;0;1;0;0;0;C;0;
TischBERATER_Elektro;F35;2;253.0;58.0;C;3;0;1;0;0;0;C;0;
TischBERATER_Elektro;KABELKLAMMER;3;621.0;144.0;C;4;0;1;0;0;0;C;0;
TischBERATER_Elektro;ELEKTRO_LAND;4;254.0;59.0;C;2;0;1;0;0;0;C;0;
TischBERATER_Elektro;ELEKTRO;5;259.0;145.0;C;4;0;1;0;0;0;C;0;
TischBERATER_Elektro;STECKDOSE_2_FACH;6;267.0;61.0;C;5;0;1;0;0;0;C;0;
TischBERATER_Elektro;BESTUECKUNG_1_2FACH;7;271.0;62.0;C;5;0;0;0;0;0;C;0;
TischBERATER_Elektro;BESTUECKUNG_2_2FACH;8;274.0;63.0;C;5;0;0;0;0;0;C;0;
TischBERATER_Elektro;STECKDOSE_3_FACH;9;275.0;61.0;C;5;0;1;0;0;0;C;0;
TischBERATER_Elektro;BESTUECKUNG_1_3FACH;10;279.0;64.0;C;5;0;0;0;0;0;C;0;
TischBERATER_Elektro;BESTUECKUNG_2_3FACH;11;286.0;65.0;C;5;0;0;0;0;0;C;0;
TischBERATER_Elektro;STECKDOSE_4_FACH;12;287.0;61.0;C;5;0;1;0;0;0;C;0;
TischBERATER_Elektro;BESTUECKUNG_1_4FACH;13;291.0;66.0;C;5;0;0;0;0;0;C;0;
TischBERATER_Elektro;BESTUECKUNG_2_4FACH;14;302.0;67.0;C;5;0;0;0;0;0;C;0;
TischBERATER_Elektro;STECKDOSE_5_FACH;15;303.0;61.0;C;5;0;1;0;0;0;C;0;
TischBERATER_Elektro;BESTUECKUNG_1_5FACH;16;307.0;68.0;C;5;0;0;0;0;0;C;0;
TischBERATER_Elektro;BESTUECKUNG_2_5FACH;17;310.0;69.0;C;5;0;0;0;0;0;C;0;
TischBERATER_Elektro;BESTUECKUNG_1_PROFB;18;311.0;61.0;C;5;0;1;0;0;0;C;0;
TischBERATER_Elektro;ZUFUEHRKABEL_1;19;320.0;61.0;C;5;0;1;0;0;0;C;0;
TischBERATER_Elektro;ZUFUEHRKABEL_2;20;336.0;72.0;C;4;0;1;0;0;0;C;0;
TischBERATER_Elektro;KUPPLUNGSKABEL_1;21;338.0;61.0;C;5;0;1;0;0;0;C;0;
TischBERATER_Elektro;KUPPLUNGSKABEL_2;22;355.0;73.0;C;5;0;1;0;0;0;C;0;
TischBERATER_Elektro;VERTEILER_1;23;357.0;61.0;C;5;0;1;0;0;0;C;0;
TischBERATER_Elektro;AUSFRAESUNG_AUSSEN_HI;24;624.0;;C;4;0;1;0;0;0;C;0;
TischBERATER_Elektro;TYP_AUSFR_AULI_HI;25;629.0;146.0;C;4;0;0;0;0;0;C;0;
TischBERATER_Elektro;TYP_AUSFR_AURE_HI;26;633.0;147.0;C;4;0;0;0;0;0;C;0;
TischBERATER_Elektro;POS_AUSFRAESUNG_HI;27;634.0;148.0;C;8;0;1;0;0;0;R;0;
TischBERATER_Elektro;TYP_AUSFRAESUNG1_HI;28;643.0;150.0;C;8;0;0;0;0;0;R;0;
TischBERATER_Elektro;TYP_AUSFRAESUNG2_HI;29;649.0;155.0;C;8;0;0;0;0;0;R;0;
TischBERATER_Elektro;TYP_AUSFRAESUNG3_HI;30;650.0;160.0;C;8;0;0;0;0;0;R;0;
TischBERATER_Elektro;F90;31;651.0;162.0;C;4;0;1;0;0;0;C;0;
TischBERATER_Elektro;F53;32;653.0;163.0;C;3;0;1;0;0;0;C;0;
TischBERATER_Sonstiges;LIEFERUNG;1;84.0;74.0;C;3;0;1;0;0;0;C;0;
TischBERATER_Sonstiges;QUADRATMETER;2;86.0;;N;10;8;0;0;0;0;R;0;
TischBERATER_Sonstiges;H_VERSTELL_ST;3;655.0;;C;6;0;0;0;0;0;R;0;
TischBERATER_Sonstiges;MATNR;4;87.0;;C;18;0;0;0;0;0;R;0;
TischBERATER_Sonstiges;PRODUKTTYP;5;592.0;;C;13;0;0;0;0;0;R;0;
TischBERATER_Sonstiges;CACHE;6;;;N;4;2;0;0;0;0;R;0;
TischBERATER_Sonstiges;CACHE_4;7;;;C;6;0;0;0;0;0;R;0;
TischBERATER_Sonstiges;CACHE_ASF13;8;;;N;6;0;0;0;0;0;R;0;
TischBERATER_Sonstiges;CACHE_ASF14;9;;;N;6;0;0;0;0;0;R;0;
TischBERATER_Sonstiges;CACHE_ASF15;10;;;N;6;0;0;0;0;0;R;0;
TischBERATER_Sonstiges;CACHE_WCS4;11;;;N;6;0;0;0;0;0;R;0;
TischBERATER_Sonstiges;CACHE_KD8;12;;;N;6;0;0;0;0;0;R;0;
TischBERATER_Sonstiges;CACHE_ASF6;13;;;N;6;0;0;0;0;0;R;0;
TischBERATER_Sonstiges;CACHE_ASF2;14;;;N;6;0;0;0;0;0;R;0;
TischBERATER_Sonstiges;ABMESSUNG_TI;15;;;C;6;0;0;0;0;0;R;0;
TischBERATER_Sonstiges;X_1_FK;16;;;N;4;0;1;0;0;0;RG;0;
TischBERATER_Sonstiges;TZWISCHENSPEICHER2;17;;;N;6;3;1;0;0;0;R;0;
TischBERATER_Sonstiges;TGEWICHT;18;;;N;6;3;1;0;0;0;R;0;
TischBENCH_Masse;B1_TI;1;16.0;;N;4;0;1;0;0;0;C;0;
TischBENCH_Masse;T1_TI;2;19.0;;N;4;0;1;0;0;0;C;0;
TischBENCH_Gestellvariante;GST_DESIGN;1;24.0;27.0;C;4;0;1;0;0;0;C;0;
TischBENCH_Gestellvariante;F2;2;212.0;76.0;C;4;0;1;0;0;0;C;0;
TischBENCH_Gestellvariante;H_VERSTELL;3;214.0;;C;5;0;1;0;0;0;C;0;
TischBENCH_Gestellvariante;DISPLAY;4;219.0;35.0;C;4;0;1;0;0;0;C;0;
TischBENCH_Gestellvariante;F211;5;224.0;36.0;C;2;0;1;0;0;0;C;0;
TischBENCH_Gestellvariante;PIEZO;6;225.0;37.0;C;5;0;1;0;0;0;C;0;
TischBENCH_Platte;OBFL01_TI;1;36.0;;C;3;0;1;0;0;0;C;0;
TischBENCH_Platte;F1;2;41.0;5.0;C;4;0;1;0;0;0;C;0;
TischBENCH_Platte;F6;3;63.0;10.0;C;3;0;1;0;0;0;C;0;
TischBENCH_Platte;PLATTENSTAERKE;4;67.0;;C;5;0;1;0;0;0;C;0;
TischBENCH_Platte;ECK_GEO;5;71.0;20.0;C;4;0;1;0;0;0;C;0;
TischBENCH_Platte;KT_GEO;6;74.0;121.0;C;5;0;1;0;0;0;C;0;
TischBENCH_Platte;AD_AUSSCHNITT;7;573.0;123.0;C;3;0;1;0;0;0;C;0;
TischBENCH_Platte;POS_AD_AUSSCHNITT;8;578.0;126.0;C;5;0;0;0;0;0;C;0;
TischBENCH_Platte;POS_ADAPTER;9;439.0;167.0;C;5;0;1;0;0;0;C;0;
TischBENCH_Platte;SCHIEBEPLATTE;10;549.0;128.0;C;3;0;1;0;0;0;C;0;
TischBENCH_Platte;PL_UEBERSTAND_ST;11;589.0;130.0;C;4;0;0;0;0;0;C;0;
TischBENCH_Platte;SONDERMASS;12;591.0;175.0;N;4;0;0;0;0;0;C;0;
TischBENCH_Gestellausfuehrung;GST_EINGER;1;448.0;88.0;C;4;0;1;0;0;0;C;0;
TischBENCH_Gestellausfuehrung;PANEELVORBEREITUNG;2;666.0;;C;4;0;1;0;0;0;C;0;
TischBENCH_Elektro;KABELWANNE;1;249.0;143.0;C;5;0;1;0;0;0;C;0;
TischBENCH_Elektro;F35;2;431.0;58.0;C;3;0;1;0;0;0;C;0;
TischBENCH_Elektro;KABELWANNE_BENCH;3;432.0;80.0;C;4;0;1;0;0;0;C;0;
TischBENCH_Elektro;KABELKLAMMER;4;621.0;144.0;C;4;0;1;0;0;0;C;0;
TischBENCH_Elektro;KABELFUEHRUNG;5;436.0;81.0;C;4;0;1;0;0;0;C;0;
TischBENCH_Elektro;ELEKTRO_LAND;6;254.0;59.0;C;2;0;1;0;0;0;C;0;
TischBENCH_Elektro;ELEKTRO;7;259.0;177.0;C;4;0;1;0;0;0;C;0;
TischBENCH_Elektro;STECKDOSE_2_FACH;8;267.0;61.0;C;5;0;1;0;0;0;C;0;
TischBENCH_Elektro;BESTUECKUNG_1_2FACH;9;271.0;62.0;C;5;0;0;0;0;0;C;0;
TischBENCH_Elektro;BESTUECKUNG_2_2FACH;10;274.0;63.0;C;5;0;0;0;0;0;C;0;
TischBENCH_Elektro;STECKDOSE_3_FACH;11;275.0;61.0;C;5;0;1;0;0;0;C;0;
TischBENCH_Elektro;BESTUECKUNG_1_3FACH;12;279.0;64.0;C;5;0;0;0;0;0;C;0;
TischBENCH_Elektro;BESTUECKUNG_2_3FACH;13;286.0;65.0;C;5;0;0;0;0;0;C;0;
TischBENCH_Elektro;STECKDOSE_4_FACH;14;287.0;61.0;C;5;0;1;0;0;0;C;0;
TischBENCH_Elektro;BESTUECKUNG_1_4FACH;15;291.0;66.0;C;5;0;0;0;0;0;C;0;
TischBENCH_Elektro;BESTUECKUNG_2_4FACH;16;302.0;67.0;C;5;0;0;0;0;0;C;0;
TischBENCH_Elektro;STECKDOSE_5_FACH;17;303.0;61.0;C;5;0;1;0;0;0;C;0;
TischBENCH_Elektro;BESTUECKUNG_1_5FACH;18;307.0;68.0;C;5;0;0;0;0;0;C;0;
TischBENCH_Elektro;BESTUECKUNG_2_5FACH;19;310.0;69.0;C;5;0;0;0;0;0;C;0;
TischBENCH_Elektro;BESTUECKUNG_1_PROFB;20;311.0;61.0;C;5;0;1;0;0;0;C;0;
TischBENCH_Elektro;ZUFUEHRKABEL_1;21;320.0;61.0;C;5;0;1;0;0;0;C;0;
TischBENCH_Elektro;ZUFUEHRKABEL_2;22;336.0;72.0;C;4;0;1;0;0;0;C;0;
TischBENCH_Elektro;KUPPLUNGSKABEL_1;23;338.0;61.0;C;5;0;1;0;0;0;C;0;
TischBENCH_Elektro;KUPPLUNGSKABEL_2;24;355.0;73.0;C;5;0;1;0;0;0;C;0;
TischBENCH_Elektro;VERTEILER_1;25;357.0;61.0;C;5;0;1;0;0;0;C;0;
TischBENCH_Elektro;AUSFRAESUNG_AUSSEN_HI;26;624.0;;C;4;0;1;0;0;0;C;0;
TischBENCH_Elektro;TYP_AUSFR_AULI_HI;27;629.0;146.0;C;4;0;0;0;0;0;C;0;
TischBENCH_Elektro;TYP_AUSFR_AURE_HI;28;633.0;147.0;C;4;0;0;0;0;0;C;0;
TischBENCH_Elektro;F90;29;651.0;162.0;C;4;0;1;0;0;0;C;0;
TischBENCH_Elektro;F53;30;653.0;163.0;C;3;0;1;0;0;0;C;0;
TischBENCH_Sonstiges;LIEFERUNG;1;84.0;74.0;C;3;0;1;0;0;0;C;0;
TischBENCH_Sonstiges;B1;2;669.0;;N;5;1;0;0;0;0;R;0;
TischBENCH_Sonstiges;T1;3;670.0;;N;5;1;0;0;0;0;R;0;
TischBENCH_Sonstiges;QUADRATMETER;4;86.0;;N;10;8;0;0;0;0;R;0;
TischBENCH_Sonstiges;MATNR;5;87.0;;C;18;0;0;0;0;0;R;0;
TischBENCH_Sonstiges;CACHE;6;;;N;4;2;0;0;0;0;R;0;
TischBENCH_Sonstiges;CACHE_2;7;;;C;6;0;0;0;0;0;R;0;
TischBENCH_Sonstiges;CACHE_4;8;;;C;6;0;0;0;0;0;R;0;
TischBENCH_Sonstiges;PRODUKTTYP;9;;;C;5;0;0;0;0;0;R;0;
TischBENCH_Sonstiges;CACHE_ASF13;10;;;N;1;0;0;0;0;0;R;0;
TischBENCH_Sonstiges;CACHE_ASF14;11;;;N;1;0;0;0;0;0;R;0;
TischBENCH_Sonstiges;CACHE_ASF15;12;;;N;1;0;0;0;0;0;R;0;
TischBENCH_Sonstiges;CACHE_WCS4;13;;;N;1;0;0;0;0;0;R;0;
TischBENCH_Sonstiges;CACHE_KD8;14;;;N;1;0;0;0;0;0;R;0;
TischBENCH_Sonstiges;CACHE_ASF6;15;;;N;1;0;0;0;0;0;R;0;
TischBENCH_Sonstiges;CACHE_ASF2;16;;;N;1;0;0;0;0;0;R;0;
TischBENCH_Sonstiges;TZWISCHENSPEICHER2;17;;;N;6;3;1;0;0;0;R;0;
TischBENCH_Sonstiges;TGEWICHT;18;;;N;6;3;1;0;0;0;R;0;
TischNORMAL_Masse;B1_TI;1;16.0;;N;4;0;1;0;0;0;C;0;
TischNORMAL_Masse;T1_TI;2;19.0;;N;4;0;1;0;0;0;C;0;
TischNORMAL_Gestellvariante;GST_DESIGN;1;24.0;27.0;C;4;0;1;0;0;0;C;0;
TischNORMAL_Gestellvariante;F2;2;212.0;28.0;C;4;0;1;0;0;0;C;0;
TischNORMAL_Gestellvariante;H_VERSTELL;3;214.0;;C;5;0;1;0;0;0;C;0;
TischNORMAL_Gestellvariante;DISPLAY;4;219.0;35.0;C;4;0;1;0;0;0;C;0;
TischNORMAL_Gestellvariante;F211;5;224.0;36.0;C;2;0;1;0;0;0;C;0;
TischNORMAL_Gestellvariante;PIEZO;6;225.0;37.0;C;5;0;1;0;0;0;C;0;
TischNORMAL_Gestellvariante;LAST_LIFT_VERST;7;614.0;142.0;C;5;0;1;0;0;0;C;0;
TischNORMAL_Platte;OBFL01_TI;1;36.0;;C;3;0;1;0;0;0;C;0;
TischNORMAL_Platte;F1;2;41.0;5.0;C;4;0;1;0;0;0;C;0;
TischNORMAL_Platte;F6;3;63.0;10.0;C;3;0;1;0;0;0;C;0;
TischNORMAL_Platte;PLATTENSTAERKE;4;67.0;;C;5;0;1;0;0;0;C;0;
TischNORMAL_Platte;ECK_GEO;5;71.0;20.0;C;4;0;1;0;0;0;C;0;
TischNORMAL_Platte;KT_GEO;6;74.0;181.0;C;5;0;1;0;0;0;C;0;
TischNORMAL_Platte;AD_AUSSCHNITT;7;573.0;123.0;C;3;0;1;0;0;0;C;0;
TischNORMAL_Platte;POS_AD_AUSSCHNITT;8;578.0;126.0;C;5;0;0;0;0;0;C;0;
TischNORMAL_Platte;POS_ADAPTER;9;439.0;167.0;C;5;0;1;0;0;0;C;0;
TischNORMAL_Platte;SCHIEBEPLATTE;10;549.0;182.0;C;3;0;1;0;0;0;C;0;
TischNORMAL_Platte;PL_UEBERSTAND_ST;11;589.0;184.0;C;4;0;0;0;0;0;C;0;
TischNORMAL_Platte;SONDERMASS;12;591.0;175.0;N;4;0;0;0;0;0;C;0;
TischNORMAL_Gestellausfuehrung;FUSS_DESIGN;1;228.0;39.0;C;5;0;1;0;0;0;C;0;
TischNORMAL_Gestellausfuehrung;F11;2;237.0;48.0;C;3;0;1;0;0;0;C;0;
TischNORMAL_Gestellausfuehrung;GST_COVER;3;238.0;51.0;C;4;0;1;0;0;0;C;0;
TischNORMAL_Gestellausfuehrung;F213;4;244.0;54.0;C;4;0;1;0;0;0;C;0;
TischNORMAL_Gestellausfuehrung;F214;5;245.0;55.0;C;4;0;1;0;0;0;C;0;
TischNORMAL_Gestellausfuehrung;ROLLEN_B4;6;474.0;106.0;C;3;0;1;0;0;0;C;0;
TischNORMAL_Gestellausfuehrung;F127;7;477.0;108.0;C;2;0;1;0;0;0;C;0;
TischNORMAL_Gestellausfuehrung;H_AUSGLEICH;8;246.0;56.0;C;4;0;1;0;0;0;C;0;
TischNORMAL_Gestellausfuehrung;RETURN;9;478.0;185.0;C;3;0;1;0;0;0;C;0;
TischNORMAL_Gestellausfuehrung;GST_EINGER;10;448.0;88.0;C;4;0;1;0;0;0;C;0;
TischNORMAL_Gestellausfuehrung;SEITENWANGE;11;673.0;187.0;C;4;0;1;0;0;0;C;0;
TischNORMAL_Elektro;KABELWANNE;1;249.0;188.0;C;5;0;1;0;0;0;C;0;
TischNORMAL_Elektro;F35;2;431.0;58.0;C;3;0;1;0;0;0;C;0;
TischNORMAL_Elektro;KABELKLAMMER;3;621.0;144.0;C;4;0;1;0;0;0;C;0;
TischNORMAL_Elektro;KABELFUEHRUNG;4;436.0;81.0;C;4;0;1;0;0;0;C;0;
TischNORMAL_Elektro;ELEKTRO_LAND;5;254.0;59.0;C;2;0;1;0;0;0;C;0;
TischNORMAL_Elektro;ELEKTRO;6;259.0;145.0;C;4;0;1;0;0;0;C;0;
TischNORMAL_Elektro;STECKDOSE_2_FACH;7;267.0;61.0;C;5;0;1;0;0;0;C;0;
TischNORMAL_Elektro;BESTUECKUNG_1_2FACH;8;271.0;62.0;C;5;0;0;0;0;0;C;0;
TischNORMAL_Elektro;BESTUECKUNG_2_2FACH;9;274.0;63.0;C;5;0;0;0;0;0;C;0;
TischNORMAL_Elektro;STECKDOSE_3_FACH;10;275.0;61.0;C;5;0;1;0;0;0;C;0;
TischNORMAL_Elektro;BESTUECKUNG_1_3FACH;11;279.0;64.0;C;5;0;0;0;0;0;C;0;
TischNORMAL_Elektro;BESTUECKUNG_2_3FACH;12;286.0;65.0;C;5;0;0;0;0;0;C;0;
TischNORMAL_Elektro;STECKDOSE_4_FACH;13;287.0;61.0;C;5;0;1;0;0;0;C;0;
TischNORMAL_Elektro;BESTUECKUNG_1_4FACH;14;291.0;66.0;C;5;0;0;0;0;0;C;0;
TischNORMAL_Elektro;BESTUECKUNG_2_4FACH;15;302.0;67.0;C;5;0;0;0;0;0;C;0;
TischNORMAL_Elektro;STECKDOSE_5_FACH;16;303.0;61.0;C;5;0;1;0;0;0;C;0;
TischNORMAL_Elektro;BESTUECKUNG_1_5FACH;17;307.0;68.0;C;5;0;0;0;0;0;C;0;
TischNORMAL_Elektro;BESTUECKUNG_2_5FACH;18;310.0;69.0;C;5;0;0;0;0;0;C;0;
TischNORMAL_Elektro;BESTUECKUNG_1_PROFB;19;311.0;61.0;C;5;0;1;0;0;0;C;0;
TischNORMAL_Elektro;ZUFUEHRKABEL_1;20;320.0;61.0;C;5;0;1;0;0;0;C;0;
TischNORMAL_Elektro;ZUFUEHRKABEL_2;21;336.0;72.0;C;4;0;1;0;0;0;C;0;
TischNORMAL_Elektro;KUPPLUNGSKABEL_1;22;338.0;61.0;C;5;0;1;0;0;0;C;0;
TischNORMAL_Elektro;KUPPLUNGSKABEL_2;23;355.0;73.0;C;5;0;1;0;0;0;C;0;
TischNORMAL_Elektro;VERTEILER_1;24;357.0;61.0;C;5;0;1;0;0;0;C;0;
TischNORMAL_Elektro;AUSFRAESUNG_AUSSEN_HI;25;624.0;191.0;C;4;0;1;0;0;0;C;0;
TischNORMAL_Elektro;TYP_AUSFR_AULI_HI;26;629.0;146.0;C;4;0;0;0;0;0;C;0;
TischNORMAL_Elektro;TYP_AUSFR_AURE_HI;27;633.0;147.0;C;4;0;0;0;0;0;C;0;
TischNORMAL_Elektro;POS_AUSFRAESUNG_HI;28;634.0;192.0;C;8;0;1;0;0;0;R;0;
TischNORMAL_Elektro;TYP_AUSFRAESUNG1_HI;29;643.0;150.0;C;8;0;0;0;0;0;R;0;
TischNORMAL_Elektro;TYP_AUSFRAESUNG2_HI;30;649.0;155.0;C;8;0;0;0;0;0;R;0;
TischNORMAL_Elektro;TYP_AUSFRAESUNG3_HI;31;650.0;160.0;C;4;0;0;0;0;0;R;0;
TischNORMAL_Elektro;POS_AUSFRAESUNG_HL;32;678.0;193.0;C;8;0;1;0;0;0;R;0;
TischNORMAL_Elektro;TYP_AUSFRAESUNG1_HL;33;679.0;194.0;C;8;0;0;0;0;0;R;0;
TischNORMAL_Elektro;TYP_AUSFRAESUNG2_HL;34;680.0;199.0;C;8;0;0;0;0;0;R;0;
TischNORMAL_Elektro;TYP_AUSFRAESUNG3_HL;35;681.0;204.0;C;4;0;0;0;0;0;R;0;
TischNORMAL_Elektro;POS_AUSFRAESUNG_HR;36;682.0;193.0;C;8;0;1;0;0;0;R;0;
TischNORMAL_Elektro;TYP_AUSFRAESUNG1_HR;37;683.0;206.0;C;8;0;0;0;0;0;R;0;
TischNORMAL_Elektro;TYP_AUSFRAESUNG2_HR;38;684.0;211.0;C;8;0;0;0;0;0;R;0;
TischNORMAL_Elektro;TYP_AUSFRAESUNG3_HR;39;685.0;216.0;C;4;0;0;0;0;0;R;0;
TischNORMAL_Elektro;F90;40;651.0;162.0;C;4;0;1;0;0;0;C;0;
TischNORMAL_Elektro;F53;41;653.0;163.0;C;3;0;1;0;0;0;C;0;
TischNORMAL_Sonstiges;B1;1;669.0;;N;5;1;0;0;0;0;R;0;
TischNORMAL_Sonstiges;T1;2;670.0;;N;5;1;0;0;0;0;R;0;
TischNORMAL_Sonstiges;QUADRATMETER;3;86.0;;N;10;8;0;0;0;0;R;0;
TischNORMAL_Sonstiges;MATNR;4;87.0;;C;18;0;0;0;0;0;R;0;
TischNORMAL_Sonstiges;CACHE;5;;;N;6;0;0;0;0;0;R;0;
TischNORMAL_Sonstiges;CACHE_4;6;;;C;6;0;0;0;0;0;R;0;
TischNORMAL_Sonstiges;PRODUKTTYP;7;;;C;1;0;0;0;0;0;R;0;
TischNORMAL_Sonstiges;CACHE_ASF13;8;;;N;6;0;1;0;0;0;R;0;
TischNORMAL_Sonstiges;CACHE_ASF14;9;;;N;6;0;1;0;0;0;R;0;
TischNORMAL_Sonstiges;CACHE_ASF15;10;;;N;6;0;1;0;0;0;R;0;
TischNORMAL_Sonstiges;CACHE_WCS4;11;;;N;6;0;1;0;0;0;R;0;
TischNORMAL_Sonstiges;CACHE_KD8;12;;;N;6;0;1;0;0;0;R;0;
TischNORMAL_Sonstiges;CACHE_ESL;13;;;N;6;0;1;0;0;0;R;0;
TischNORMAL_Sonstiges;CACHE_ASF6;14;;;N;6;0;1;0;0;0;R;0;
TischNORMAL_Sonstiges;CACHE_ASF2;15;;;N;6;0;0;0;0;0;R;0;
TischNORMAL_Sonstiges;LIEFERUNG;16;84.0;74.0;C;3;0;1;0;0;0;C;0;
TischNORMAL_Sonstiges;MESSAGE_ONE;17;686.0;218.0;C;8;0;1;0;0;0;C;0;
TischNORMAL_Sonstiges;DIREKTLF;18;688.0;;C;7;0;1;0;0;0;C;0;
TischNORMAL_Sonstiges;X_1_FK;19;;219.0;N;4;0;1;0;0;0;RG;0;
TischNORMAL_Sonstiges;TZWISCHENSPEICHER2;20;;;N;6;3;1;0;0;0;R;0;
TischNORMAL_Sonstiges;TGEWICHT;21;;;N;6;3;1;0;0;0;R;0;
TischANBAU_Masse;B1_TI;1;16.0;;N;4;0;1;0;0;0;C;0;
TischANBAU_Masse;T1_TI;2;19.0;;N;4;0;1;0;0;0;C;0;
TischANBAU_Gestellvariante;GST_DESIGN;1;24.0;27.0;C;4;0;1;0;0;0;C;0;
TischANBAU_Gestellvariante;F2;2;212.0;28.0;C;4;0;1;0;0;0;C;0;
TischANBAU_Gestellvariante;H_VERSTELL;3;214.0;;C;5;0;1;0;0;0;C;0;
TischANBAU_Platte;ANBAU_RETURN;1;525.0;;C;4;0;1;0;0;0;C;0;
TischANBAU_Platte;ANB_TI_RETURN;2;21.0;;C;3;0;1;0;0;0;C;0;
TischANBAU_Platte;OBFL01_TI;3;36.0;;C;3;0;1;0;0;0;C;0;
TischANBAU_Platte;F1;4;41.0;5.0;C;4;0;1;0;0;0;C;0;
TischANBAU_Platte;F6;5;63.0;10.0;C;3;0;1;0;0;0;C;0;
TischANBAU_Platte;PLATTENSTAERKE;6;67.0;;C;5;0;1;0;0;0;C;0;
TischANBAU_Platte;ECK_GEO;7;71.0;20.0;C;4;0;1;0;0;0;C;0;
TischANBAU_Platte;KT_GEO;8;74.0;;C;5;0;1;0;0;0;R;0;
TischANBAU_Platte;AD_AUSSCHNITT;9;573.0;140.0;C;3;0;1;0;0;0;C;0;
TischANBAU_Platte;POS_AD_AUSSCHNITT;10;578.0;126.0;C;5;0;0;0;0;0;C;0;
TischANBAU_Platte;POS_ADAPTER;11;439.0;167.0;C;5;0;1;0;0;0;C;0;
TischANBAU_Gestellausfuehrung;FUSS_DESIGN;1;228.0;39.0;C;5;0;1;0;0;0;C;0;
TischANBAU_Gestellausfuehrung;F11;2;237.0;48.0;C;3;0;1;0;0;0;C;0;
TischANBAU_Gestellausfuehrung;GST_COVER;3;238.0;51.0;C;4;0;1;0;0;0;C;0;
TischANBAU_Gestellausfuehrung;F213;4;244.0;54.0;C;4;0;1;0;0;0;C;0;
TischANBAU_Gestellausfuehrung;F214;5;245.0;55.0;C;4;0;1;0;0;0;C;0;
TischANBAU_Gestellausfuehrung;H_AUSGLEICH;6;246.0;56.0;C;4;0;1;0;0;0;C;0;
TischANBAU_Gestellausfuehrung;GST_EINGER;7;448.0;88.0;C;4;0;1;0;0;0;C;0;
TischANBAU_Elektro;KABELWANNE;1;249.0;143.0;C;5;0;1;0;0;0;C;0;
TischANBAU_Elektro;KABELKLAMMER;2;621.0;144.0;C;4;0;1;0;0;0;C;0;
TischANBAU_Elektro;ELEKTRO_LAND;3;254.0;59.0;C;2;0;1;0;0;0;C;0;
TischANBAU_Elektro;ELEKTRO;4;259.0;145.0;C;4;0;1;0;0;0;C;0;
TischANBAU_Elektro;STECKDOSE_2_FACH;5;267.0;61.0;C;5;0;1;0;0;0;C;0;
TischANBAU_Elektro;BESTUECKUNG_1_2FACH;6;271.0;62.0;C;5;0;0;0;0;0;C;0;
TischANBAU_Elektro;BESTUECKUNG_2_2FACH;7;274.0;63.0;C;5;0;0;0;0;0;C;0;
TischANBAU_Elektro;STECKDOSE_3_FACH;8;275.0;61.0;C;5;0;1;0;0;0;C;0;
TischANBAU_Elektro;BESTUECKUNG_1_3FACH;9;279.0;64.0;C;5;0;0;0;0;0;C;0;
TischANBAU_Elektro;BESTUECKUNG_2_3FACH;10;286.0;65.0;C;5;0;0;0;0;0;C;0;
TischANBAU_Elektro;STECKDOSE_4_FACH;11;287.0;61.0;C;5;0;1;0;0;0;C;0;
TischANBAU_Elektro;BESTUECKUNG_1_4FACH;12;291.0;66.0;C;5;0;0;0;0;0;C;0;
TischANBAU_Elektro;BESTUECKUNG_2_4FACH;13;302.0;67.0;C;5;0;0;0;0;0;C;0;
TischANBAU_Elektro;STECKDOSE_5_FACH;14;303.0;61.0;C;5;0;1;0;0;0;C;0;
TischANBAU_Elektro;BESTUECKUNG_1_5FACH;15;307.0;68.0;C;5;0;0;0;0;0;C;0;
TischANBAU_Elektro;BESTUECKUNG_2_5FACH;16;310.0;69.0;C;5;0;0;0;0;0;C;0;
TischANBAU_Elektro;BESTUECKUNG_1_PROFB;17;311.0;61.0;C;5;0;1;0;0;0;C;0;
TischANBAU_Elektro;ZUFUEHRKABEL_1;18;320.0;61.0;C;5;0;1;0;0;0;C;0;
TischANBAU_Elektro;ZUFUEHRKABEL_2;19;336.0;72.0;C;4;0;1;0;0;0;C;0;
TischANBAU_Elektro;KUPPLUNGSKABEL_1;20;338.0;61.0;C;5;0;1;0;0;0;C;0;
TischANBAU_Elektro;KUPPLUNGSKABEL_2;21;355.0;73.0;C;5;0;1;0;0;0;C;0;
TischANBAU_Elektro;VERTEILER_1;22;357.0;61.0;C;5;0;1;0;0;0;C;0;
TischANBAU_Elektro;F90;23;651.0;162.0;C;4;0;1;0;0;0;C;0;
TischANBAU_Elektro;F53;24;653.0;163.0;C;3;0;1;0;0;0;C;0;
TischANBAU_Sonstiges;LIEFERUNG;1;84.0;74.0;C;3;0;1;0;0;0;C;0;
TischANBAU_Sonstiges;B1;2;669.0;;N;5;1;0;0;0;0;R;0;
TischANBAU_Sonstiges;T1;3;670.0;;N;5;1;0;0;0;0;R;0;
TischANBAU_Sonstiges;QUADRATMETER;4;86.0;;N;10;8;0;0;0;0;R;0;
TischANBAU_Sonstiges;CACHE;5;;;N;4;2;0;0;0;0;R;0;
TischANBAU_Sonstiges;CACHE_4;6;;;C;6;0;0;0;0;0;R;0;
TischANBAU_Sonstiges;MATNR;7;87.0;;C;18;0;0;0;0;0;R;0;
TischANBAU_Sonstiges;PRODUKTTYP;8;;;C;10;0;0;0;0;0;R;0;
TischANBAU_Sonstiges;CACHE_ASF13;9;;;N;1;0;0;0;0;0;R;0;
TischANBAU_Sonstiges;CACHE_ASF14;10;;;N;1;0;0;0;0;0;R;0;
TischANBAU_Sonstiges;CACHE_ASF15;11;;;N;1;0;0;0;0;0;R;0;
TischANBAU_Sonstiges;CACHE_WCS4;12;;;N;1;0;0;0;0;0;R;0;
TischANBAU_Sonstiges;CACHE_KD8;13;;;N;1;0;0;0;0;0;R;0;
TischANBAU_Sonstiges;CACHE_ASF6;14;;;N;1;0;0;0;0;0;R;0;
TischANBAU_Sonstiges;CACHE_ASF2;15;;;N;1;0;0;0;0;0;R;0;
TischANBAU_Sonstiges;TZWISCHENSPEICHER2;16;;;N;6;3;1;0;0;0;R;0;
TischANBAU_Sonstiges;TGEWICHT;17;;;N;6;3;1;0;0;0;R;0;
ZUBEHOER135_U;ANB_HV;1;697.0;;C;4;0;1;0;0;0;C;0;
ZUBEHOER135_U;TISCHTYP_WP;2;700.0;;C;10;0;1;0;0;0;C;0;
ZUBEHOER135_U;ANB_TI_RETURN;3;21.0;;C;3;0;1;0;0;0;C;0;
ZUBEHOER135_U;GST_DESIGN;4;24.0;;C;4;0;1;0;0;0;C;0;
ZUBEHOER135_U;F2;5;91.0;;C;3;0;1;0;0;0;C;0;
ZUBEHOER135_U;PLATTENSTAERKE;6;67.0;;C;5;0;1;0;0;0;C;0;
ZUBEHOER135_U;MATNR;7;;;C;1;0;1;0;0;0;R;0;
ANBAU135_C;B1_TI;1;16.0;;N;4;0;1;0;0;0;R;0;
ANBAU135_C;T1_TI;2;19.0;;N;4;0;1;0;0;0;R;0;
ANBAU135_C;TISCHTYP_WP;3;700.0;225.0;C;8;0;1;0;0;0;C;0;
ANBAU135_C;ANB_TI_RETURN;4;21.0;226.0;C;3;0;1;0;0;0;C;0;
ANBAU135_C;GST_DESIGN;5;24.0;;C;4;0;1;0;0;0;C;0;
ANBAU135_C;F2;6;212.0;3.0;C;4;0;1;0;0;0;C;0;
ANBAU135_C;ANB_HV;7;697.0;231.0;C;4;0;1;0;0;0;C;0;
ANBAU135_C;OBFL01_TI;8;36.0;;C;3;0;1;0;0;0;C;0;
ANBAU135_C;F1;9;41.0;5.0;C;4;0;1;0;0;0;C;0;
ANBAU135_C;F6;10;63.0;10.0;C;3;0;1;0;0;0;C;0;
ANBAU135_C;PLATTENSTAERKE;11;67.0;;C;5;0;1;0;0;0;C;0;
ANBAU135_C;KT_GEO;12;74.0;;C;5;0;1;0;0;0;R;0;
ANBAU135_C;ANB;13;81.0;;C;2;0;1;0;0;0;C;0;
ANBAU135_C;PANEELVORBEREITUNG;14;666.0;232.0;C;4;0;1;0;0;0;C;0;
ANBAU135_C;LIEFERUNG;15;84.0;;C;3;0;1;0;0;0;C;0;
ANBAU135_C;QUADRATMETER;16;86.0;;N;10;8;0;0;0;0;R;0;
ANBAU135_C;CACHE;17;;;N;4;2;0;0;0;0;R;0;
ANBAU135_C;CACHE_4;18;;;C;6;0;0;0;0;0;R;0;
ANBAU135_C;MATNR;19;87.0;;C;18;0;0;0;0;0;R;0;
ANBAU135_C;TZWISCHENSPEICHER2;20;;;N;6;3;1;0;0;0;R;0;
ANBAU135_C;TGEWICHT;21;;;N;6;3;1;0;0;0;R;0;
ZZ_AS_ZUBEHOER135_N_POLSTER;GST_DESIGN;1;24.0;;C;4;0;1;0;0;0;C;0;
ZZ_AS_ZUBEHOER135_N_POLSTER;AUFLAGE;2;742.0;238.0;C;4;0;1;0;0;0;C;0;
ZZ_AS_ZUBEHOER135_N_POLSTER;F93;3;746.0;239.0;C;4;0;1;0;0;0;C;0;
ZZ_AS_ZUBEHOER135_N_POLSTER;STOFFKATEGORIE;4;748.0;240.0;C;4;0;1;0;0;0;C;0;
ZZ_AS_ZUBEHOER135_N_POLSTER;STOFFGR_13;5;752.0;241.0;C;4;0;1;0;0;0;C;0;
ZZ_AS_ZUBEHOER135_N_POLSTER;F123;6;763.0;245.0;C;5;0;1;0;0;0;C;0;
ZZ_FLACHBILDSCHIRMH_ZUBEHOER;GST_DESIGN;1;24.0;;C;2;0;1;0;0;0;C;0;
ZZ_FLACHBILDSCHIRMH_ZUBEHOER;F8;2;91.0;;C;2;0;1;0;0;0;C;0;
ZZ_FLACHBILDSCHIRMH_ZUBEHOER;KLEMMADAPTER;3;870.0;;C;4;0;1;0;0;0;C;0;
ZZ_FLACHBILDSCHIRMH_ZUBEHOER;MATNR;4;;;C;1;0;1;0;0;0;R;0;
ZZ_PLATTEN_ANBAU135_B;B1_TI;1;16.0;;N;4;0;1;0;0;0;R;0;
ZZ_PLATTEN_ANBAU135_B;T1_TI;2;19.0;;N;4;0;1;0;0;0;R;0;
ZZ_PLATTEN_ANBAU135_B;ANB_TI_RETURN;3;21.0;2.0;C;3;0;1;0;0;0;C;0;
ZZ_PLATTEN_ANBAU135_B;GST_DESIGN;4;24.0;;C;4;0;1;0;0;0;C;0;
ZZ_PLATTEN_ANBAU135_B;OBFL01_TI;5;36.0;;C;3;0;1;0;0;0;C;0;
ZZ_PLATTEN_ANBAU135_B;F1;6;41.0;5.0;C;4;0;1;0;0;0;C;0;
ZZ_PLATTEN_ANBAU135_B;F6;7;63.0;10.0;C;3;0;1;0;0;0;C;0;
ZZ_PLATTEN_ANBAU135_B;PLATTENSTAERKE;8;67.0;;C;5;0;1;0;0;0;C;0;
ZZ_PLATTEN_ANBAU135_B;ECK_GEO;9;71.0;20.0;C;4;0;1;0;0;0;C;0;
ZZ_PLATTEN_ANBAU135_B;KT_GEO;10;74.0;;C;5;0;1;0;0;0;R;0;
ZZ_PLATTEN_ANBAU135_B;ANB;11;81.0;;C;2;0;1;0;0;0;C;0;
ZZ_PLATTEN_ANBAU135_B;QUADRATMETER;12;86.0;;N;10;8;0;0;0;0;R;0;
ZZ_PLATTEN_ANBAU135_B;CACHE;13;;;N;4;2;0;0;0;0;R;0;
ZZ_PLATTEN_ANBAU135_B;CACHE_4;14;;;C;6;0;0;0;0;0;R;0;
ZZ_PLATTEN_ANBAU135_B;MATNR;15;87.0;;C;18;0;0;0;0;0;R;0;
ZZ_PLATTEN_ANBAU135_B;TZWISCHENSPEICHER2;16;;;N;6;3;1;0;0;0;R;0;
ZZ_PLATTEN_ANBAU135_B;TGEWICHT;17;;;N;6;3;1;0;0;0;R;0;
ZZ_AS_ZUBEHOER135_O;GST_DESIGN;1;24.0;;C;4;0;1;0;0;0;C;0;
ZZ_AS_ZUBEHOER135_O;BOX_BEF_AN;2;876.0;258.0;C;4;0;1;0;0;0;C;0;
ZZ_AS_ZUBEHOER135_O;F216;3;879.0;;C;4;0;1;0;0;0;C;0;
ZZ_AS_ZUBEHOER;GST_DESIGN;1;24.0;;C;4;0;1;0;0;0;C;0;
ZZ_AS_GESTELL_BESPRECHUNG;B1_TI;1;16.0;;N;4;0;1;0;0;0;C;0;
ZZ_AS_GESTELL_BESPRECHUNG;T1_TI;2;19.0;;N;4;0;1;0;0;0;C;0;
ZZ_AS_GESTELL_BESPRECHUNG;GST_DESIGN;3;24.0;27.0;C;4;0;1;0;0;0;C;0;
ZZ_AS_GESTELL_BESPRECHUNG;F2;4;212.0;28.0;C;4;0;1;0;0;0;C;0;
ZZ_AS_GESTELL_BESPRECHUNG;H_VERSTELL;5;214.0;;C;5;0;1;0;0;0;C;0;
ZZ_AS_GESTELL_BESPRECHUNG;ANZ_BEDIENFELD;6;899.0;270.0;N;1;0;1;0;0;0;C;0;
ZZ_AS_GESTELL_BESPRECHUNG;ANZ_ELEMENTE;7;900.0;271.0;N;1;0;1;0;0;0;C;0;
ZZ_AS_GESTELL_BESPRECHUNG;DISPLAY;8;219.0;272.0;C;4;0;1;0;0;0;C;0;
ZZ_AS_GESTELL_BESPRECHUNG;F211;9;224.0;36.0;C;2;0;1;0;0;0;C;0;
ZZ_AS_GESTELL_BESPRECHUNG;PIEZO;10;225.0;37.0;C;5;0;1;0;0;0;C;0;
ZZ_AS_GESTELL_BESPRECHUNG;FUSS_DESIGN;11;228.0;273.0;C;5;0;1;0;0;0;C;0;
ZZ_AS_GESTELL_BESPRECHUNG;F11;12;237.0;286.0;C;3;0;1;0;0;0;C;0;
ZZ_AS_GESTELL_BESPRECHUNG;GST_EINGER;13;448.0;287.0;C;4;0;1;0;0;0;C;0;
ZZ_AS_GESTELL_BESPRECHUNG;ANB_ELEMENT;14;901.0;288.0;C;4;0;0;0;0;0;C;0;
ZZ_AS_GESTELL_BESPRECHUNG;GST_COVER;15;238.0;51.0;C;4;0;1;0;0;0;C;0;
ZZ_AS_GESTELL_BESPRECHUNG;F213;16;244.0;54.0;C;4;0;1;0;0;0;C;0;
ZZ_AS_GESTELL_BESPRECHUNG;F214;17;245.0;55.0;C;4;0;1;0;0;0;C;0;
ZZ_AS_GESTELL_BESPRECHUNG;ROLLEN_B4;18;474.0;289.0;C;3;0;1;0;0;0;C;0;
ZZ_AS_GESTELL_BESPRECHUNG;F127;19;477.0;108.0;C;2;0;1;0;0;0;C;0;
ZZ_AS_GESTELL_BESPRECHUNG;H_AUSGLEICH;20;246.0;56.0;C;4;0;1;0;0;0;C;0;
ZZ_AS_GESTELL_BESPRECHUNG;KABELWANNE;21;249.0;290.0;C;5;0;1;0;0;0;C;0;
ZZ_AS_GESTELL_BESPRECHUNG;F35;22;431.0;58.0;C;3;0;1;0;0;0;C;0;
ZZ_AS_GESTELL_BESPRECHUNG;ELEKTRO_LAND;23;254.0;59.0;C;2;0;1;0;0;0;C;0;
ZZ_AS_GESTELL_BESPRECHUNG;ELEKTRO;24;259.0;60.0;C;4;0;1;0;0;0;C;0;
ZZ_AS_GESTELL_BESPRECHUNG;STECKDOSE_2_FACH;25;267.0;61.0;C;5;0;1;0;0;0;C;0;
ZZ_AS_GESTELL_BESPRECHUNG;BESTUECKUNG_1_2FACH;26;271.0;62.0;C;5;0;0;0;0;0;C;0;
ZZ_AS_GESTELL_BESPRECHUNG;BESTUECKUNG_2_2FACH;27;274.0;63.0;C;5;0;0;0;0;0;C;0;
ZZ_AS_GESTELL_BESPRECHUNG;STECKDOSE_3_FACH;28;275.0;61.0;C;5;0;1;0;0;0;C;0;
ZZ_AS_GESTELL_BESPRECHUNG;BESTUECKUNG_1_3FACH;29;279.0;64.0;C;5;0;0;0;0;0;C;0;
ZZ_AS_GESTELL_BESPRECHUNG;BESTUECKUNG_2_3FACH;30;286.0;65.0;C;5;0;0;0;0;0;C;0;
ZZ_AS_GESTELL_BESPRECHUNG;STECKDOSE_4_FACH;31;287.0;61.0;C;5;0;1;0;0;0;C;0;
ZZ_AS_GESTELL_BESPRECHUNG;BESTUECKUNG_1_4FACH;32;291.0;66.0;C;5;0;0;0;0;0;C;0;
ZZ_AS_GESTELL_BESPRECHUNG;BESTUECKUNG_2_4FACH;33;302.0;67.0;C;5;0;0;0;0;0;C;0;
ZZ_AS_GESTELL_BESPRECHUNG;STECKDOSE_5_FACH;34;303.0;61.0;C;5;0;1;0;0;0;C;0;
ZZ_AS_GESTELL_BESPRECHUNG;BESTUECKUNG_1_5FACH;35;307.0;68.0;C;5;0;0;0;0;0;C;0;
ZZ_AS_GESTELL_BESPRECHUNG;BESTUECKUNG_2_5FACH;36;310.0;69.0;C;5;0;0;0;0;0;C;0;
ZZ_AS_GESTELL_BESPRECHUNG;BESTUECKUNG_1_PROFB;37;311.0;61.0;C;5;0;1;0;0;0;C;0;
ZZ_AS_GESTELL_BESPRECHUNG;ZUFUEHRKABEL_1;38;320.0;61.0;C;5;0;1;0;0;0;C;0;
ZZ_AS_GESTELL_BESPRECHUNG;ZUFUEHRKABEL_2;39;336.0;72.0;C;4;0;1;0;0;0;C;0;
ZZ_AS_GESTELL_BESPRECHUNG;KUPPLUNGSKABEL_1;40;338.0;61.0;C;5;0;1;0;0;0;C;0;
ZZ_AS_GESTELL_BESPRECHUNG;KUPPLUNGSKABEL_2;41;355.0;73.0;C;5;0;1;0;0;0;C;0;
ZZ_AS_GESTELL_BESPRECHUNG;VERTEILER_1;42;357.0;61.0;C;5;0;1;0;0;0;C;0;
ZZ_AS_GESTELL_BESPRECHUNG;LIEFERUNG;43;84.0;;C;3;0;1;0;0;0;C;0;
ZZ_AS_GESTELL_BESPRECHUNG;MATNR;44;87.0;;C;18;0;0;0;0;0;R;0;
ZZ_AS_GESTELL_BESPRECHUNG;CACHE;45;;;N;4;2;0;0;0;0;R;0;
ZZ_AS_GESTELL_BESPRECHUNG;CACHE_4;46;;;C;6;0;0;0;0;0;R;0;
ZZ_AS_GESTELL_BESPRECHUNG;TPL_GEO;47;;;C;2;0;1;0;0;0;R;0;
ZZ_AS_GESTELL_BESPRECHUNG;TZWISCHENSPEICHER2;48;;;N;6;3;1;0;0;0;R;0;
ZZ_AS_GESTELL_BESPRECHUNG;TGEWICHT;49;;;N;6;3;1;0;0;0;R;0;
ZZ_AS_PLATTE_BESPRECHUNG;B1_TI;1;16.0;;N;4;0;1;0;0;0;C;0;
ZZ_AS_PLATTE_BESPRECHUNG;T1_TI;2;19.0;;N;4;0;1;0;0;0;C;0;
ZZ_AS_PLATTE_BESPRECHUNG;GST_DESIGN;3;24.0;;C;4;0;1;0;0;0;C;0;
ZZ_AS_PLATTE_BESPRECHUNG;OBFL01_TI;4;36.0;;C;3;0;1;0;0;0;C;0;
ZZ_AS_PLATTE_BESPRECHUNG;F1;5;41.0;5.0;C;4;0;1;0;0;0;C;0;
ZZ_AS_PLATTE_BESPRECHUNG;F6;6;63.0;10.0;C;3;0;1;0;0;0;C;0;
ZZ_AS_PLATTE_BESPRECHUNG;PLATTENSTAERKE;7;67.0;;C;5;0;1;0;0;0;C;0;
ZZ_AS_PLATTE_BESPRECHUNG;PL_GEO;8;977.0;298.0;C;11;0;1;0;0;0;C;0;
ZZ_AS_PLATTE_BESPRECHUNG;ECK_GEO;9;71.0;299.0;C;4;0;1;0;0;0;C;0;
ZZ_AS_PLATTE_BESPRECHUNG;KT_GEO;10;74.0;181.0;C;5;0;1;0;0;0;C;0;
ZZ_AS_PLATTE_BESPRECHUNG;GST_EINGER;11;448.0;;C;4;0;1;0;0;0;C;0;
ZZ_AS_PLATTE_BESPRECHUNG;PL_UEBERSTAND_ST;12;589.0;135.0;C;4;0;0;0;0;0;C;0;
ZZ_AS_PLATTE_BESPRECHUNG;SONDERMASS;13;591.0;131.0;N;4;0;0;0;0;0;C;0;
ZZ_AS_PLATTE_BESPRECHUNG;SONDERMASS_KURZ;14;982.0;309.0;N;4;0;0;0;0;0;C;0;
ZZ_AS_PLATTE_BESPRECHUNG;ANSCHNITTKANTE_WP;15;983.0;310.0;C;4;0;1;0;0;0;C;0;
ZZ_AS_PLATTE_BESPRECHUNG;POS_AUSFRAESUNG;16;986.0;;C;8;0;1;0;0;0;C;0;
ZZ_AS_PLATTE_BESPRECHUNG;TYP_AUSFRAESUNG1;17;995.0;313.0;C;8;0;0;0;0;0;C;0;
ZZ_AS_PLATTE_BESPRECHUNG;TYP_AUSFRAESUNG2;18;998.0;320.0;C;8;0;0;0;0;0;C;0;
ZZ_AS_PLATTE_BESPRECHUNG;TYP_AUSFRAESUNG3;19;999.0;327.0;C;8;0;0;0;0;0;C;0;
ZZ_AS_PLATTE_BESPRECHUNG;ELEKTRO_KLAPPE;20;1000.0;334.0;C;5;0;1;0;0;0;C;0;
ZZ_AS_PLATTE_BESPRECHUNG;F90;21;651.0;162.0;C;4;0;1;0;0;0;C;0;
ZZ_AS_PLATTE_BESPRECHUNG;F53;22;653.0;163.0;C;3;0;1;0;0;0;C;0;
ZZ_AS_PLATTE_BESPRECHUNG;B1;23;669.0;;N;5;1;0;0;0;0;R;0;
ZZ_AS_PLATTE_BESPRECHUNG;T1;24;670.0;;N;5;1;0;0;0;0;R;0;
ZZ_AS_PLATTE_BESPRECHUNG;QUADRATMETER;25;86.0;;N;10;8;0;0;0;0;R;0;
ZZ_AS_PLATTE_BESPRECHUNG;MATNR;26;87.0;;C;18;0;0;0;0;0;R;0;
ZZ_AS_PLATTE_BESPRECHUNG;PRODUKTTYP;27;592.0;;C;13;0;0;0;0;0;R;0;
ZZ_AS_PLATTE_BESPRECHUNG;TPL_GEO;28;1001.0;;C;30;0;0;0;0;0;R;0;
ZZ_AS_PLATTE_BESPRECHUNG;CACHE;29;;;N;4;2;0;0;0;0;R;0;
ZZ_AS_PLATTE_BESPRECHUNG;CACHE_4;30;;;C;6;0;0;0;0;0;R;0;
ZZ_AS_PLATTE_BESPRECHUNG;CACHE_ASF13;31;;;N;6;0;0;0;0;0;R;0;
ZZ_AS_PLATTE_BESPRECHUNG;CACHE_ASF14;32;;;N;6;0;0;0;0;0;R;0;
ZZ_AS_PLATTE_BESPRECHUNG;CACHE_ASF15;33;;;N;6;0;0;0;0;0;R;0;
ZZ_AS_PLATTE_BESPRECHUNG;CACHE_WCS4;34;;;N;6;0;0;0;0;0;R;0;
ZZ_AS_PLATTE_BESPRECHUNG;CACHE_KD8;35;;;N;6;0;0;0;0;0;R;0;
ZZ_AS_PLATTE_BESPRECHUNG;CACHE_ASF6;36;;;N;6;0;0;0;0;0;R;0;
ZZ_AS_PLATTE_BESPRECHUNG;CACHE_ASF2;37;;;N;6;0;0;0;0;0;R;0;
ZZ_AS_PLATTE_BESPRECHUNG;CACHE_ASF3;38;;;N;6;0;0;0;0;0;R;0;
ZZ_AS_PLATTE_BESPRECHUNG;X_1_FK;39;;;N;4;0;1;0;0;0;RG;0;
ZZ_AS_PLATTE_BESPRECHUNG;CACHE_TKL1;40;;;N;6;0;0;0;0;0;R;0;
ZZ_AS_PLATTE_BESPRECHUNG;CACHE_ASF21;41;;;N;6;0;0;0;0;0;R;0;
ZZ_AS_PLATTE_BESPRECHUNG;TZWISCHENSPEICHER2;42;;;N;6;3;1;0;0;0;R;0;
ZZ_AS_PLATTE_BESPRECHUNG;TGEWICHT;43;;;N;6;3;1;0;0;0;R;0;
TEMP_AUSFRAESUNGEN;TYP_AUSFRAESUNG1_ASF13;1;;;N;1;0;1;0;0;0;RG;0;
TEMP_AUSFRAESUNGEN;TYP_AUSFRAESUNG2_ASF13;2;;;N;1;0;1;0;0;0;RG;0;
TEMP_AUSFRAESUNGEN;TYP_AUSFRAESUNG3_ASF13;3;;;N;1;0;1;0;0;0;RG;0;
TEMP_AUSFRAESUNGEN;TYP_AUSFRAESUNG1_ASF14;4;;;N;1;0;1;0;0;0;RG;0;
TEMP_AUSFRAESUNGEN;TYP_AUSFRAESUNG2_ASF14;5;;;N;1;0;1;0;0;0;RG;0;
TEMP_AUSFRAESUNGEN;TYP_AUSFRAESUNG3_ASF14;6;;;N;1;0;1;0;0;0;RG;0;
TEMP_AUSFRAESUNGEN;TYP_AUSFRAESUNG1_ASF15;7;;;N;1;0;1;0;0;0;RG;0;
TEMP_AUSFRAESUNGEN;TYP_AUSFRAESUNG2_ASF15;8;;;N;1;0;1;0;0;0;RG;0;
TEMP_AUSFRAESUNGEN;TYP_AUSFRAESUNG3_ASF15;9;;;N;1;0;1;0;0;0;RG;0;
TEMP_AUSFRAESUNGEN;TYP_AUSFRAESUNG1_TKL1;10;;;N;1;0;1;0;0;0;RG;0;
TEMP_AUSFRAESUNGEN;TYP_AUSFRAESUNG2_TKL1;11;;;N;1;0;1;0;0;0;RG;0;
TEMP_AUSFRAESUNGEN;TYP_AUSFRAESUNG3_TKL1;12;;;N;1;0;1;0;0;0;RG;0;
TEMP_AUSFRAESUNGEN;TYP_AUSFRAESUNG1_ASF21;13;;;N;1;0;1;0;0;0;RG;0;
TEMP_AUSFRAESUNGEN;TYP_AUSFRAESUNG2_ASF21;14;;;N;1;0;1;0;0;0;RG;0;
TEMP_AUSFRAESUNGEN;TYP_AUSFRAESUNG3_ASF21;15;;;N;1;0;1;0;0;0;RG;0;
TEMP_AUSFRAESUNGEN;TYP_AUSFRAESUNG1_ASF2;16;;;N;1;0;1;0;0;0;RG;0;
TEMP_AUSFRAESUNGEN;TYP_AUSFRAESUNG2_ASF2;17;;;N;1;0;1;0;0;0;RG;0;
TEMP_AUSFRAESUNGEN;TYP_AUSFRAESUNG3_ASF2;18;;;N;1;0;1;0;0;0;RG;0;
TischBESPRECHUNG_Masse;B1_TI;1;16.0;;N;4;0;1;0;0;0;C;0;
TischBESPRECHUNG_Masse;T1_TI;2;19.0;;N;4;0;1;0;0;0;C;0;
TischBESPRECHUNG_Gestellvariante;GST_DESIGN;1;24.0;27.0;C;4;0;1;0;0;0;C;0;
TischBESPRECHUNG_Gestellvariante;F2;2;212.0;28.0;C;4;0;1;0;0;0;C;0;
TischBESPRECHUNG_Gestellvariante;H_VERSTELL;3;214.0;;C;5;0;1;0;0;0;C;0;
TischBESPRECHUNG_Gestellvariante;DISPLAY;4;219.0;272.0;C;4;0;1;0;0;0;C;0;
TischBESPRECHUNG_Gestellvariante;F211;5;224.0;36.0;C;2;0;1;0;0;0;C;0;
TischBESPRECHUNG_Gestellvariante;ANZ_BEDIENFELD;6;899.0;270.0;N;1;0;1;0;0;0;C;0;
TischBESPRECHUNG_Gestellvariante;ANZ_ELEMENTE;7;900.0;271.0;N;1;0;1;0;0;0;C;0;
TischBESPRECHUNG_Gestellvariante;PIEZO;8;225.0;37.0;C;5;0;1;0;0;0;C;0;
TischBESPRECHUNG_Gestellvariante;LAST_LIFT_VERST;9;614.0;142.0;C;5;0;1;0;0;0;C;0;
TischBESPRECHUNG_Platte;OBFL01_TI;1;36.0;;C;3;0;1;0;0;0;C;0;
TischBESPRECHUNG_Platte;F1;2;41.0;5.0;C;4;0;1;0;0;0;C;0;
TischBESPRECHUNG_Platte;F6;3;63.0;10.0;C;3;0;1;0;0;0;C;0;
TischBESPRECHUNG_Platte;PLATTENSTAERKE;4;67.0;;C;5;0;1;0;0;0;C;0;
TischBESPRECHUNG_Platte;PL_GEO;5;977.0;298.0;C;11;0;1;0;0;0;C;0;
TischBESPRECHUNG_Platte;ECK_GEO;6;71.0;299.0;C;4;0;1;0;0;0;C;0;
TischBESPRECHUNG_Platte;KT_GEO;7;74.0;181.0;C;5;0;1;0;0;0;C;0;
TischBESPRECHUNG_Platte;PL_UEBERSTAND_ST;8;589.0;184.0;C;4;0;0;0;0;0;C;0;
TischBESPRECHUNG_Platte;SONDERMASS;9;591.0;175.0;N;4;0;0;0;0;0;C;0;
TischBESPRECHUNG_Platte;SONDERMASS_KURZ;10;982.0;309.0;N;4;0;0;0;0;0;C;0;
TischBESPRECHUNG_Platte;ANSCHNITTKANTE_WP;11;983.0;310.0;C;4;0;1;0;0;0;C;0;
TischBESPRECHUNG_Gestellausfuehrung;FUSS_DESIGN;1;228.0;273.0;C;5;0;1;0;0;0;C;0;
TischBESPRECHUNG_Gestellausfuehrung;F11;2;237.0;286.0;C;3;0;1;0;0;0;C;0;
TischBESPRECHUNG_Gestellausfuehrung;GST_COVER;3;238.0;51.0;C;4;0;1;0;0;0;C;0;
TischBESPRECHUNG_Gestellausfuehrung;F213;4;244.0;54.0;C;4;0;1;0;0;0;C;0;
TischBESPRECHUNG_Gestellausfuehrung;F214;5;245.0;55.0;C;4;0;1;0;0;0;C;0;
TischBESPRECHUNG_Gestellausfuehrung;ROLLEN_B4;6;474.0;289.0;C;3;0;1;0;0;0;C;0;
TischBESPRECHUNG_Gestellausfuehrung;F127;7;477.0;108.0;C;2;0;1;0;0;0;C;0;
TischBESPRECHUNG_Gestellausfuehrung;H_AUSGLEICH;8;246.0;56.0;C;4;0;1;0;0;0;C;0;
TischBESPRECHUNG_Gestellausfuehrung;ANB_ELEMENT;9;901.0;288.0;C;4;0;1;0;0;0;C;0;
TischBESPRECHUNG_Gestellausfuehrung;GST_EINGER;10;448.0;354.0;C;4;0;1;0;0;0;C;0;
TischBESPRECHUNG_Elektro;KABELWANNE;1;249.0;290.0;C;5;0;1;0;0;0;C;0;
TischBESPRECHUNG_Elektro;F35;2;431.0;58.0;C;3;0;1;0;0;0;C;0;
TischBESPRECHUNG_Elektro;KABELKLAMMER;3;621.0;144.0;C;4;0;1;0;0;0;C;0;
TischBESPRECHUNG_Elektro;KABELFUEHRUNG;4;436.0;356.0;C;4;0;0;0;0;0;C;0;
TischBESPRECHUNG_Elektro;ELEKTRO_LAND;5;254.0;59.0;C;2;0;1;0;0;0;C;0;
TischBESPRECHUNG_Elektro;ELEKTRO;6;259.0;145.0;C;4;0;1;0;0;0;C;0;
TischBESPRECHUNG_Elektro;STECKDOSE_2_FACH;7;267.0;61.0;C;5;0;1;0;0;0;C;0;
TischBESPRECHUNG_Elektro;BESTUECKUNG_1_2FACH;8;271.0;62.0;C;5;0;0;0;0;0;C;0;
TischBESPRECHUNG_Elektro;BESTUECKUNG_2_2FACH;9;274.0;63.0;C;5;0;0;0;0;0;C;0;
TischBESPRECHUNG_Elektro;STECKDOSE_3_FACH;10;275.0;61.0;C;5;0;1;0;0;0;C;0;
TischBESPRECHUNG_Elektro;BESTUECKUNG_1_3FACH;11;279.0;64.0;C;5;0;0;0;0;0;C;0;
TischBESPRECHUNG_Elektro;BESTUECKUNG_2_3FACH;12;286.0;65.0;C;5;0;0;0;0;0;C;0;
TischBESPRECHUNG_Elektro;STECKDOSE_4_FACH;13;287.0;61.0;C;5;0;1;0;0;0;C;0;
TischBESPRECHUNG_Elektro;BESTUECKUNG_1_4FACH;14;291.0;66.0;C;5;0;0;0;0;0;C;0;
TischBESPRECHUNG_Elektro;BESTUECKUNG_2_4FACH;15;302.0;67.0;C;5;0;0;0;0;0;C;0;
TischBESPRECHUNG_Elektro;STECKDOSE_5_FACH;16;303.0;61.0;C;5;0;1;0;0;0;C;0;
TischBESPRECHUNG_Elektro;BESTUECKUNG_1_5FACH;17;307.0;68.0;C;5;0;0;0;0;0;C;0;
TischBESPRECHUNG_Elektro;BESTUECKUNG_2_5FACH;18;310.0;69.0;C;5;0;0;0;0;0;C;0;
TischBESPRECHUNG_Elektro;BESTUECKUNG_1_PROFB;19;311.0;61.0;C;5;0;1;0;0;0;C;0;
TischBESPRECHUNG_Elektro;ZUFUEHRKABEL_1;20;320.0;61.0;C;5;0;1;0;0;0;C;0;
TischBESPRECHUNG_Elektro;ZUFUEHRKABEL_2;21;336.0;72.0;C;4;0;1;0;0;0;C;0;
TischBESPRECHUNG_Elektro;KUPPLUNGSKABEL_1;22;338.0;61.0;C;5;0;1;0;0;0;C;0;
TischBESPRECHUNG_Elektro;KUPPLUNGSKABEL_2;23;355.0;73.0;C;5;0;1;0;0;0;C;0;
TischBESPRECHUNG_Elektro;VERTEILER_1;24;357.0;61.0;C;5;0;1;0;0;0;C;0;
TischBESPRECHUNG_Elektro;POS_AUSFRAESUNG;25;986.0;357.0;C;8;0;1;0;0;0;C;0;
TischBESPRECHUNG_Elektro;TYP_AUSFRAESUNG1;26;995.0;313.0;C;8;0;0;0;0;0;C;0;
TischBESPRECHUNG_Elektro;TYP_AUSFRAESUNG2;27;998.0;320.0;C;8;0;0;0;0;0;C;0;
TischBESPRECHUNG_Elektro;TYP_AUSFRAESUNG3;28;999.0;327.0;C;8;0;0;0;0;0;C;0;
TischBESPRECHUNG_Elektro;POS_AUSFRAESUNG_HI;29;986.0;358.0;C;8;0;1;0;0;0;C;0;
TischBESPRECHUNG_Elektro;TYP_AUSFRAESUNG1_HI;30;643.0;359.0;C;8;0;0;0;0;0;C;0;
TischBESPRECHUNG_Elektro;TYP_AUSFRAESUNG2_HI;31;649.0;155.0;C;8;0;0;0;0;0;C;0;
TischBESPRECHUNG_Elektro;TYP_AUSFRAESUNG3_HI;32;650.0;160.0;C;8;0;0;0;0;0;C;0;
TischBESPRECHUNG_Elektro;ELEKTRO_KLAPPE;33;1000.0;334.0;C;5;0;1;0;0;0;C;0;
TischBESPRECHUNG_Elektro;F90;34;651.0;162.0;C;4;0;1;0;0;0;C;0;
TischBESPRECHUNG_Elektro;F53;35;653.0;163.0;C;3;0;1;0;0;0;C;0;
TischBESPRECHUNG_Sonstiges;LIEFERUNG;1;84.0;74.0;C;3;0;1;0;0;0;C;0;
TischBESPRECHUNG_Sonstiges;TPL_GEO;2;;;C;8;0;1;0;0;0;R;0;
TischBESPRECHUNG_Sonstiges;B1;3;669.0;;N;5;1;0;0;0;0;R;0;
TischBESPRECHUNG_Sonstiges;T1;4;670.0;;N;5;1;0;0;0;0;R;0;
TischBESPRECHUNG_Sonstiges;QUADRATMETER;5;86.0;;N;10;8;0;0;0;0;R;0;
TischBESPRECHUNG_Sonstiges;MATNR;6;87.0;;C;18;0;0;0;0;0;R;0;
TischBESPRECHUNG_Sonstiges;CACHE;7;;;N;4;2;0;0;0;0;R;0;
TischBESPRECHUNG_Sonstiges;CACHE_4;8;;;C;6;0;0;0;0;0;R;0;
TischBESPRECHUNG_Sonstiges;PRODUKTTYP;9;;;C;6;0;0;0;0;0;R;0;
TischBESPRECHUNG_Sonstiges;CACHE_ASF13;10;;;N;6;0;0;0;0;0;R;0;
TischBESPRECHUNG_Sonstiges;CACHE_ASF14;11;;;N;6;0;0;0;0;0;R;0;
TischBESPRECHUNG_Sonstiges;CACHE_ASF15;12;;;N;6;0;0;0;0;0;R;0;
TischBESPRECHUNG_Sonstiges;CACHE_WCS4;13;;;N;6;0;0;0;0;0;R;0;
TischBESPRECHUNG_Sonstiges;CACHE_KD8;14;;;N;6;0;0;0;0;0;R;0;
TischBESPRECHUNG_Sonstiges;CACHE_ASF6;15;;;N;6;0;0;0;0;0;R;0;
TischBESPRECHUNG_Sonstiges;CACHE_ASF2;16;;;N;6;0;0;0;0;0;R;0;
TischBESPRECHUNG_Sonstiges;CACHE_ASF3;17;;;N;6;0;0;0;0;0;R;0;
TischBESPRECHUNG_Sonstiges;CACHE_TKL1;18;;;N;6;0;0;0;0;0;R;0;
TischBESPRECHUNG_Sonstiges;CACHE_ASF21;19;;;N;6;0;0;0;0;0;R;0;
TischBESPRECHUNG_Sonstiges;B2_TI;20;;;N;6;0;0;0;0;0;R;0;
TischBESPRECHUNG_Sonstiges;T2_TI;21;;;N;4;0;0;0;0;0;R;0;
TischBESPRECHUNG_Sonstiges;X_1_FK;22;;;N;4;0;1;0;0;0;RG;0;
TischBESPRECHUNG_Sonstiges;ABS_FK_ST;23;;;N;4;0;1;0;0;0;RG;0;
TischBESPRECHUNG_Sonstiges;ABMESSUNG_TI;24;;;C;6;0;0;0;0;0;R;0;
TischBESPRECHUNG_Sonstiges;TZWISCHENSPEICHER2;25;;;N;6;3;1;0;0;0;R;0;
TischBESPRECHUNG_Sonstiges;TGEWICHT;26;;;N;6;3;1;0;0;0;R;0;
ZZ_AS_ZUBEHOER135_F;GST_DESIGN;1;24.0;;C;4;0;1;0;0;0;C;0;
ZZ_AS_ZUBEHOER135_F;PLATTENSTAERKE;2;67.0;376.0;C;5;0;1;0;0;0;C;0;
ZZ_AS_ZUBEHOER135_F;DAEMPFUNG;3;1075.0;377.0;C;4;0;0;0;0;0;C;0;
ZZ_AS_ZUBEHOER135_F;MATNR;4;87.0;;C;18;0;0;0;0;0;R;0;
MONO_PANEEL;GST_DESIGN;1;24.0;;C;4;0;1;0;0;0;C;0;
MONO_PANEEL;B1_TI;2;1080.0;;N;4;0;1;0;0;0;C;0;
MONO_PANEEL;B1_PN;3;1081.0;;N;4;0;1;0;0;0;C;0;
MONO_PANEEL;H1_PN;4;1084.0;;N;4;0;1;0;0;0;C;0;
MONO_PANEEL;F180;5;1085.0;;C;3;0;1;0;0;0;C;0;
MONO_PANEEL;MESSAGE_ONE;6;1088.0;;C;3;0;1;0;0;0;C;0;
MONO_PANEEL;QUADRATMETER;7;86.0;;N;10;8;0;0;0;0;R;0;
MONO_PANEEL;CACHE;8;;;N;4;2;0;0;0;0;R;0;
MONO_PANEEL;CACHE_4;9;;;C;6;0;0;0;0;0;R;0;
MONO_PANEEL;MATNR;10;87.0;;C;18;0;0;0;0;0;R;0;
MONO_PANEEL;TZWISCHENSPEICHER2;11;;;N;6;3;1;0;0;0;R;0;
MONO_PANEEL;TGEWICHT;12;;;N;6;3;1;0;0;0;R;0;
ZZ_FLACHBILDSCHIRMH;PRODUKTVERSION;1;1096.0;;C;4;0;1;0;0;0;C;0;
ZZ_FLACHBILDSCHIRMH;GST_DESIGN;2;1098.0;;C;2;0;1;0;0;0;C;0;
ZZ_FLACHBILDSCHIRMH;F8;3;91.0;;C;2;0;1;0;0;0;C;0;
ZZ_FLACHBILDSCHIRMH;KLEMMADAPTER;4;870.0;381.0;C;4;0;1;0;0;0;C;0;
ZZ_AS_GESTELL_MONO;B1_TI;1;16.0;;N;4;0;1;0;0;0;C;0;
ZZ_AS_GESTELL_MONO;T1_TI;2;19.0;;N;4;0;1;0;0;0;C;0;
ZZ_AS_GESTELL_MONO;GST_DESIGN;3;24.0;;C;4;0;1;0;0;0;C;0;
ZZ_AS_GESTELL_MONO;F2;4;1113.0;387.0;C;4;0;1;0;0;0;C;0;
ZZ_AS_GESTELL_MONO;H_VERSTELL;5;214.0;;C;5;0;1;0;0;0;C;0;
ZZ_AS_GESTELL_MONO;FUSS_DESIGN;6;228.0;;C;5;0;1;0;0;0;C;0;
ZZ_AS_GESTELL_MONO;F11;7;237.0;;C;3;0;1;0;0;0;C;0;
ZZ_AS_GESTELL_MONO;KLAPPFKT_PL;8;1118.0;390.0;C;4;0;1;0;0;0;C;0;
ZZ_AS_GESTELL_MONO;LIEFERUNG;9;84.0;391.0;C;3;0;1;0;0;0;R;0;
ZZ_AS_GESTELL_MONO;CACHE;10;;;N;4;2;0;0;0;0;R;0;
ZZ_AS_GESTELL_MONO;CACHE_4;11;;;C;6;0;0;0;0;0;R;0;
ZZ_AS_GESTELL_MONO;MATNR;12;87.0;;C;18;0;0;0;0;0;R;0;
ZZ_AS_GESTELL_MONO;TZWISCHENSPEICHER2;13;;;N;6;3;1;0;0;0;R;0;
ZZ_AS_GESTELL_MONO;TGEWICHT;14;;;N;6;3;1;0;0;0;R;0;
ZZ_AS_ABDECKUNG_FUSSAUSLEGER;GST_DESIGN;1;24.0;;C;4;0;1;0;0;0;C;0;
ZZ_AS_ABDECKUNG_FUSSAUSLEGER;FUSS_DESIGN;2;228.0;;C;5;0;1;0;0;0;C;0;
ZZ_AS_ABDECKUNG_FUSSAUSLEGER;F11;3;237.0;;C;3;0;1;0;0;0;C;0;
ZZ_AS_FUSS_A_FUSS;GST_DESIGN;1;24.0;;C;4;0;1;0;0;0;C;0;
ZZ_AS_FUSS_A_FUSS;GST_COVER;2;238.0;392.0;C;4;0;1;0;0;0;C;0;
ZZ_AS_FUSS_A_FUSS;F213;3;244.0;393.0;C;4;0;1;0;0;0;C;0;
ZZ_AS_FUSS_A_FUSS;F214;4;245.0;394.0;C;4;0;1;0;0;0;C;0;
ZZ_AS_FUSS_A_FUSS;ROLLEN_B4;5;474.0;395.0;C;3;0;1;0;0;0;C;0;
ZZ_AS_FUSS_A_FUSS;F127;6;477.0;108.0;C;3;0;1;0;0;0;C;0;
ZZ_AS_FUSS_A_FUSS;MATNR;7;87.0;;C;18;0;0;0;0;0;R;0;
ZZ_AS_FUSSAUSLEGER;GST_DESIGN;1;24.0;;C;4;0;1;0;0;0;C;0;
ZZ_AS_FUSSAUSLEGER;FUSS_DESIGN;2;228.0;396.0;C;5;0;1;0;0;0;C;0;
ZZ_AS_FUSSAUSLEGER;F11;3;1124.0;399.0;C;3;0;1;0;0;0;C;0;
ZZ_AS_FUSSAUSLEGER;H_AUSGLEICH;4;246.0;400.0;C;4;0;1;0;0;0;C;0;
ZZ_AS_FUSSAUSLEGER;MATNR;5;87.0;;C;18;0;0;0;0;0;R;0;
ZZ_AS_FUSSAUSLEGER;ROLLEN_B4;6;474.0;289.0;C;3;0;1;0;0;0;C;0;
ZZ_AS_MONO_FUSS;GST_DESIGN;1;24.0;;C;4;0;1;0;0;0;C;0;
ZZ_AS_MONO_FUSS;FUSS_DESIGN;2;228.0;;C;5;0;1;0;0;0;C;0;
ZZ_AS_MONO_FUSS;F11;3;237.0;401.0;C;3;0;1;0;0;0;C;0;
ZZ_AS_WPGSTMOTSET;GST_DESIGN;1;24.0;;C;4;0;1;0;0;0;C;0;
ZZ_AS_WPGSTMOTSET;F2;2;212.0;402.0;C;4;0;1;0;0;0;C;0;
ZZ_AS_WPGSTMOTSET;H_VERSTELL;3;214.0;;C;5;0;1;0;0;0;C;0;
ZZ_AS_WPGSTMOTSET;DISPLAY;4;219.0;403.0;C;4;0;1;0;0;0;C;0;
ZZ_AS_WPGSTMOTSET;F211;5;224.0;36.0;C;2;0;1;0;0;0;C;0;
ZZ_AS_WPGSTMOTSET;PIEZO;6;225.0;404.0;C;5;0;1;0;0;0;C;0;
ZZ_AS_WPGSTMOTSET;ELEKTRO_LAND;7;254.0;59.0;C;2;0;1;0;0;0;C;0;
ZZ_AS_ZUBEHOER135_M;GST_DESIGN;1;24.0;;C;4;0;1;0;0;0;C;0;
ZZ_AS_ZUBEHOER135_M;F2;2;212.0;;C;4;0;1;0;0;0;C;0;
ZZ_AS_SAEULE135_A;GST_DESIGN;1;24.0;;C;4;0;1;0;0;0;C;0;
ZZ_AS_SAEULE135_A;F2;2;212.0;406.0;C;4;0;1;0;0;0;C;0;
ZZ_AS_SAEULE135_A;H_VERSTELL;3;214.0;;C;5;0;1;0;0;0;C;0;
ZZ_AS_MONO_SAEULE;GST_DESIGN;1;24.0;;C;4;0;1;0;0;0;C;0;
ZZ_AS_MONO_SAEULE;F2;2;1113.0;387.0;C;4;0;1;0;0;0;C;0;
ZZ_AS_MONO_SAEULE;H_VERSTELL;3;214.0;;C;5;0;1;0;0;0;C;0;
ZZ_AS_MONO_SAEULE;QUADRATMETER;4;86.0;;N;10;8;0;0;0;0;R;0;
ZZ_AS_MONO_SAEULE;CACHE;5;;;N;4;2;0;0;0;0;R;0;
ZZ_AS_MONO_SAEULE;CACHE_4;6;;;C;6;0;0;0;0;0;R;0;
ZZ_AS_MONO_SAEULE;MATNR;7;87.0;;C;18;0;0;0;0;0;R;0;
ZZ_AS_MONO_SAEULE;TZWISCHENSPEICHER2;8;;;N;6;3;1;0;0;0;R;0;
ZZ_AS_MONO_SAEULE;TGEWICHT;9;;;N;6;3;1;0;0;0;R;0;
ZZ_AS_ZUBEHOER135_A;GST_DESIGN;1;24.0;;C;4;0;1;0;0;0;C;0;
ZZ_AS_ZUBEHOER135_A;F8;2;91.0;;C;3;0;1;0;0;0;C;0;
ZZ_AS_ZUBEHOER135_A;MATNR;3;87.0;;C;18;0;0;0;0;0;R;0;
ZZ_AS_FUSS_T_FUSS;T1_TI;1;19.0;;N;4;0;1;0;0;0;C;0;
ZZ_AS_FUSS_T_FUSS;GST_DESIGN;2;24.0;;C;4;0;1;0;0;0;C;0;
ZZ_AS_FUSS_T_FUSS;F2;3;212.0;412.0;C;4;0;1;0;0;0;C;0;
ZZ_AS_FUSS_T_FUSS;H_VERSTELL;4;214.0;;C;5;0;1;0;0;0;C;0;
ZZ_AS_FUSS_T_FUSS;FUSS_DESIGN;5;228.0;396.0;C;5;0;1;0;0;0;C;0;
ZZ_AS_FUSS_T_FUSS;F11;6;1124.0;413.0;C;3;0;1;0;0;0;C;0;
ZZ_AS_FUSS_T_FUSS;ROLLEN_B4;7;474.0;414.0;C;3;0;1;0;0;0;C;0;
ZZ_AS_FUSS_T_FUSS;F127;8;477.0;108.0;C;3;0;1;0;0;0;C;0;
ZZ_AS_FUSS_T_FUSS;H_AUSGLEICH;9;246.0;400.0;C;4;0;1;0;0;0;C;0;
ZZ_AS_FUSS_T_FUSS;MATNR;10;87.0;;C;18;0;0;0;0;0;R;0;
ZZ_AS_FUSS_T_FUSS;PLATTENSTAERKE;11;67.0;;C;5;0;1;0;0;0;C;0;
ZZ_AS_ZUBEHOER135_C_WPHANDS;GST_DESIGN;1;24.0;;C;4;0;1;0;0;0;C;0;
ZZ_AS_ZUBEHOER135_C_WPHANDS;DISPLAY;2;219.0;416.0;C;4;0;1;0;0;0;C;0;
ZZ_AS_ZUBEHOER135_C_WPHANDS;F211;3;224.0;36.0;C;2;0;1;0;0;0;C;0;
ZZ_AS_ZUBEHOER135_P;GST_DESIGN;1;24.0;;C;4;0;1;0;0;0;C;0;
ZZ_AS_ZUBEHOER135_P;KABELWANNE;2;249.0;;C;5;0;1;0;0;0;C;0;
ZZ_AS_ZUBEHOER135_P;F8;3;91.0;;C;3;0;1;0;0;0;C;0;
ZUBEHOER_HUELSEN;GST_DESIGN;1;24.0;;C;4;0;1;0;0;0;C;0;
ZUBEHOER_HUELSEN;F8;2;91.0;;C;3;0;1;0;0;0;C;0;
ZUBEHOER_HUELSEN;MATNR;3;87.0;;C;18;0;0;0;0;0;R;0;
ZZ_AS_ZUBEHOER135_L;GST_DESIGN;1;24.0;;C;4;0;1;0;0;0;C;0;
ZZ_AS_ZUBEHOER135_L;F8;2;91.0;;C;3;0;1;0;0;0;C;0;
ZZ_AS_ZUBEHOER135_L;E_BEST_KEYST;3;1138.0;;C;4;0;1;0;0;0;C;0;
ZZ_AS_GESTELL_STAFFEL;B1_TI;1;16.0;;N;4;0;1;0;0;0;C;0;
ZZ_AS_GESTELL_STAFFEL;T1_TI;2;19.0;;N;4;0;1;0;0;0;C;0;
ZZ_AS_GESTELL_STAFFEL;GST_DESIGN;3;24.0;;C;4;0;1;0;0;0;C;0;
ZZ_AS_GESTELL_STAFFEL;F2;4;212.0;28.0;C;4;0;1;0;0;0;C;0;
ZZ_AS_GESTELL_STAFFEL;H_VERSTELL;5;214.0;;C;5;0;1;0;0;0;C;0;
ZZ_AS_GESTELL_STAFFEL;DISPLAY;6;219.0;35.0;C;4;0;1;0;0;0;C;0;
ZZ_AS_GESTELL_STAFFEL;F211;7;224.0;36.0;C;2;0;1;0;0;0;C;0;
ZZ_AS_GESTELL_STAFFEL;PIEZO;8;225.0;37.0;C;5;0;1;0;0;0;C;0;
ZZ_AS_GESTELL_STAFFEL;FUSS_DESIGN;9;228.0;39.0;C;5;0;1;0;0;0;C;0;
ZZ_AS_GESTELL_STAFFEL;F11;10;237.0;48.0;C;3;0;1;0;0;0;C;0;
ZZ_AS_GESTELL_STAFFEL;GST_COVER;11;238.0;426.0;C;4;0;1;0;0;0;C;0;
ZZ_AS_GESTELL_STAFFEL;F213;12;244.0;54.0;C;4;0;1;0;0;0;C;0;
ZZ_AS_GESTELL_STAFFEL;F214;13;245.0;55.0;C;4;0;1;0;0;0;C;0;
ZZ_AS_GESTELL_STAFFEL;ROLLEN_B4;14;474.0;;C;3;0;1;0;0;0;C;0;
ZZ_AS_GESTELL_STAFFEL;F127;15;477.0;;C;2;0;1;0;0;0;C;0;
ZZ_AS_GESTELL_STAFFEL;GST_EINGER;16;448.0;;C;4;0;1;0;0;0;C;0;
ZZ_AS_GESTELL_STAFFEL;PL_DAEMPFUNG;17;1147.0;427.0;C;4;0;1;0;0;0;C;0;
ZZ_AS_GESTELL_STAFFEL;KABELWANNE;18;249.0;428.0;C;5;0;1;0;0;0;C;0;
ZZ_AS_GESTELL_STAFFEL;F35;19;253.0;58.0;C;3;0;1;0;0;0;C;0;
ZZ_AS_GESTELL_STAFFEL;ELEKTRO_LAND;20;254.0;59.0;C;2;0;1;0;0;0;C;0;
ZZ_AS_GESTELL_STAFFEL;ELEKTRO;21;259.0;60.0;C;4;0;1;0;0;0;C;0;
ZZ_AS_GESTELL_STAFFEL;STECKDOSE_2_FACH;22;267.0;61.0;C;5;0;1;0;0;0;C;0;
ZZ_AS_GESTELL_STAFFEL;BESTUECKUNG_1_2FACH;23;271.0;62.0;C;5;0;0;0;0;0;C;0;
ZZ_AS_GESTELL_STAFFEL;BESTUECKUNG_2_2FACH;24;274.0;63.0;C;5;0;0;0;0;0;C;0;
ZZ_AS_GESTELL_STAFFEL;STECKDOSE_3_FACH;25;275.0;61.0;C;5;0;1;0;0;0;C;0;
ZZ_AS_GESTELL_STAFFEL;BESTUECKUNG_1_3FACH;26;279.0;64.0;C;5;0;0;0;0;0;C;0;
ZZ_AS_GESTELL_STAFFEL;BESTUECKUNG_2_3FACH;27;286.0;65.0;C;5;0;0;0;0;0;C;0;
ZZ_AS_GESTELL_STAFFEL;STECKDOSE_4_FACH;28;287.0;61.0;C;5;0;1;0;0;0;C;0;
ZZ_AS_GESTELL_STAFFEL;BESTUECKUNG_1_4FACH;29;291.0;66.0;C;5;0;0;0;0;0;C;0;
ZZ_AS_GESTELL_STAFFEL;BESTUECKUNG_2_4FACH;30;302.0;67.0;C;5;0;0;0;0;0;C;0;
ZZ_AS_GESTELL_STAFFEL;STECKDOSE_5_FACH;31;303.0;61.0;C;5;0;1;0;0;0;C;0;
ZZ_AS_GESTELL_STAFFEL;BESTUECKUNG_1_5FACH;32;307.0;68.0;C;5;0;0;0;0;0;C;0;
ZZ_AS_GESTELL_STAFFEL;BESTUECKUNG_2_5FACH;33;310.0;69.0;C;5;0;0;0;0;0;C;0;
ZZ_AS_GESTELL_STAFFEL;BESTUECKUNG_1_PROFB;34;311.0;61.0;C;5;0;1;0;0;0;C;0;
ZZ_AS_GESTELL_STAFFEL;ZUFUEHRKABEL_1;35;320.0;61.0;C;5;0;1;0;0;0;C;0;
ZZ_AS_GESTELL_STAFFEL;ZUFUEHRKABEL_2;36;336.0;72.0;C;4;0;1;0;0;0;C;0;
ZZ_AS_GESTELL_STAFFEL;KUPPLUNGSKABEL_1;37;338.0;61.0;C;5;0;1;0;0;0;C;0;
ZZ_AS_GESTELL_STAFFEL;KUPPLUNGSKABEL_2;38;355.0;73.0;C;5;0;1;0;0;0;C;0;
ZZ_AS_GESTELL_STAFFEL;VERTEILER_1;39;357.0;61.0;C;5;0;1;0;0;0;C;0;
ZZ_AS_GESTELL_STAFFEL;LIEFERUNG;40;84.0;74.0;C;3;0;1;0;0;0;C;0;
ZZ_AS_GESTELL_STAFFEL;MATNR;41;87.0;;C;18;0;0;0;0;0;R;0;
ZZ_AS_GESTELL_STAFFEL;CACHE;42;;;N;4;2;0;0;0;0;R;0;
ZZ_AS_GESTELL_STAFFEL;CACHE_4;43;;;C;6;0;0;0;0;0;R;0;
ZZ_AS_GESTELL_STAFFEL;TZWISCHENSPEICHER2;44;;;N;6;3;1;0;0;0;R;0;
ZZ_AS_GESTELL_STAFFEL;TGEWICHT;45;;;N;6;3;1;0;0;0;R;0;
ZUBEHOER_A;GST_DESIGN;1;24.0;;C;4;0;1;0;0;0;C;0;
ZUBEHOER_A;MATNR;2;87.0;;C;18;0;0;0;0;0;R;0;
ZZ_AS_PLATTE_STAFFEL;B1_TI;1;16.0;;N;4;0;1;0;0;0;C;0;
ZZ_AS_PLATTE_STAFFEL;T1_TI;2;19.0;;N;4;0;1;0;0;0;C;0;
ZZ_AS_PLATTE_STAFFEL;GST_DESIGN;3;24.0;;C;4;0;1;0;0;0;C;0;
ZZ_AS_PLATTE_STAFFEL;OBFL01_TI;4;36.0;;C;4;0;1;0;0;0;C;0;
ZZ_AS_PLATTE_STAFFEL;F1;5;41.0;5.0;C;4;0;1;0;0;0;C;0;
ZZ_AS_PLATTE_STAFFEL;F6;6;63.0;432.0;C;3;0;1;0;0;0;C;0;
ZZ_AS_PLATTE_STAFFEL;PLATTENSTAERKE;7;67.0;;C;5;0;1;0;0;0;C;0;
ZZ_AS_PLATTE_STAFFEL;ECK_GEO;8;71.0;20.0;C;4;0;1;0;0;0;C;0;
ZZ_AS_PLATTE_STAFFEL;KT_GEO;9;74.0;;C;5;0;1;0;0;0;C;0;
ZZ_AS_PLATTE_STAFFEL;SCHIEBEPLATTE;10;549.0;;C;3;0;1;0;0;0;R;0;
ZZ_AS_PLATTE_STAFFEL;POS_AUSFRAESUNG_HI;11;634.0;438.0;C;8;0;1;0;0;0;C;0;
ZZ_AS_PLATTE_STAFFEL;TYP_AUSFRAESUNG1_HI;12;643.0;150.0;C;8;0;0;0;0;0;C;0;
ZZ_AS_PLATTE_STAFFEL;TYP_AUSFRAESUNG2_HI;13;649.0;155.0;C;8;0;0;0;0;0;C;0;
ZZ_AS_PLATTE_STAFFEL;TYP_AUSFRAESUNG3_HI;14;650.0;160.0;C;8;0;0;0;0;0;C;0;
ZZ_AS_PLATTE_STAFFEL;F90;15;651.0;162.0;C;4;0;1;0;0;0;C;0;
ZZ_AS_PLATTE_STAFFEL;F53;16;653.0;163.0;C;3;0;1;0;0;0;C;0;
ZZ_AS_PLATTE_STAFFEL;MATNR;17;87.0;;C;18;0;0;0;0;0;R;0;
ZZ_AS_PLATTE_STAFFEL;QUADRATMETER;18;86.0;;N;10;8;0;0;0;0;R;0;
ZZ_AS_PLATTE_STAFFEL;CACHE;19;;;N;6;0;0;0;0;0;R;0;
ZZ_AS_PLATTE_STAFFEL;CACHE_4;20;;;C;6;0;0;0;0;0;R;0;
ZZ_AS_PLATTE_STAFFEL;CACHE_ASF13;21;;;N;6;0;0;0;0;0;R;0;
ZZ_AS_PLATTE_STAFFEL;CACHE_ASF14;22;;;N;6;0;0;0;0;0;R;0;
ZZ_AS_PLATTE_STAFFEL;CACHE_ASF15;23;;;N;6;0;0;0;0;0;R;0;
ZZ_AS_PLATTE_STAFFEL;CACHE_WCS4;24;;;N;6;0;0;0;0;0;R;0;
ZZ_AS_PLATTE_STAFFEL;CACHE_KD8;25;;;N;6;0;0;0;0;0;R;0;
ZZ_AS_PLATTE_STAFFEL;CACHE_ASF6;26;;;N;6;0;0;0;0;0;R;0;
ZZ_AS_PLATTE_STAFFEL;CACHE_ASF2;27;;;N;6;0;0;0;0;0;R;0;
ZZ_AS_PLATTE_STAFFEL;CACHE_ASF3;28;;;N;6;0;0;0;0;0;R;0;
ZZ_AS_PLATTE_STAFFEL;TZWISCHENSPEICHER2;29;;;N;6;3;1;0;0;0;R;0;
ZZ_AS_PLATTE_STAFFEL;TGEWICHT;30;;;N;6;3;1;0;0;0;R;0;
TischSTAFFEL_Masse;B1_TI;1;16.0;;N;4;0;1;0;0;0;C;0;
TischSTAFFEL_Masse;T1_TI;2;19.0;;N;4;0;1;0;0;0;C;0;
TischSTAFFEL_Gestellvariante;GST_DESIGN;1;24.0;27.0;C;4;0;1;0;0;0;C;0;
TischSTAFFEL_Gestellvariante;F2;2;212.0;28.0;C;4;0;1;0;0;0;C;0;
TischSTAFFEL_Gestellvariante;H_VERSTELL;3;214.0;;C;5;0;1;0;0;0;C;0;
TischSTAFFEL_Gestellvariante;DISPLAY;4;219.0;35.0;C;4;0;1;0;0;0;C;0;
TischSTAFFEL_Gestellvariante;F211;5;224.0;36.0;C;2;0;1;0;0;0;C;0;
TischSTAFFEL_Gestellvariante;PIEZO;6;225.0;37.0;C;5;0;1;0;0;0;C;0;
TischSTAFFEL_Gestellvariante;LAST_LIFT_VERST;7;614.0;142.0;C;5;0;1;0;0;0;C;0;
TischSTAFFEL_Platte;OBFL01_TI;1;36.0;;C;4;0;1;0;0;0;C;0;
TischSTAFFEL_Platte;F1;2;41.0;5.0;C;4;0;1;0;0;0;C;0;
TischSTAFFEL_Platte;F6;3;63.0;432.0;C;3;0;1;0;0;0;C;0;
TischSTAFFEL_Platte;PLATTENSTAERKE;4;67.0;;C;5;0;1;0;0;0;C;0;
TischSTAFFEL_Platte;ECK_GEO;5;71.0;20.0;C;4;0;1;0;0;0;C;0;
TischSTAFFEL_Platte;KT_GEO;6;74.0;;C;5;0;1;0;0;0;C;0;
TischSTAFFEL_Gestellausfuehrung;FUSS_DESIGN;1;228.0;39.0;C;5;0;1;0;0;0;C;0;
TischSTAFFEL_Gestellausfuehrung;F11;2;237.0;48.0;C;3;0;1;0;0;0;C;0;
TischSTAFFEL_Gestellausfuehrung;GST_COVER;3;238.0;426.0;C;4;0;1;0;0;0;C;0;
TischSTAFFEL_Gestellausfuehrung;F213;4;244.0;54.0;C;4;0;1;0;0;0;C;0;
TischSTAFFEL_Gestellausfuehrung;F214;5;245.0;55.0;C;4;0;1;0;0;0;C;0;
TischSTAFFEL_Gestellausfuehrung;ROLLEN_B4;6;474.0;;C;3;0;1;0;0;0;C;0;
TischSTAFFEL_Gestellausfuehrung;F127;7;477.0;;C;2;0;1;0;0;0;C;0;
TischSTAFFEL_Gestellausfuehrung;GST_EINGER;8;448.0;;C;4;0;1;0;0;0;C;0;
TischSTAFFEL_Gestellausfuehrung;PL_DAEMPFUNG;9;1147.0;427.0;C;4;0;1;0;0;0;C;0;
TischSTAFFEL_Elektro;KABELWANNE;1;249.0;443.0;C;5;0;1;0;0;0;C;0;
TischSTAFFEL_Elektro;F35;2;253.0;58.0;C;3;0;1;0;0;0;C;0;
TischSTAFFEL_Elektro;KABELKLAMMER;3;621.0;144.0;C;4;0;1;0;0;0;C;0;
TischSTAFFEL_Elektro;ELEKTRO_LAND;4;254.0;59.0;C;2;0;1;0;0;0;C;0;
TischSTAFFEL_Elektro;ELEKTRO;5;259.0;145.0;C;4;0;1;0;0;0;C;0;
TischSTAFFEL_Elektro;STECKDOSE_2_FACH;6;267.0;61.0;C;5;0;1;0;0;0;C;0;
TischSTAFFEL_Elektro;BESTUECKUNG_1_2FACH;7;271.0;62.0;C;5;0;0;0;0;0;C;0;
TischSTAFFEL_Elektro;BESTUECKUNG_2_2FACH;8;274.0;63.0;C;5;0;0;0;0;0;C;0;
TischSTAFFEL_Elektro;STECKDOSE_3_FACH;9;275.0;61.0;C;5;0;1;0;0;0;C;0;
TischSTAFFEL_Elektro;BESTUECKUNG_1_3FACH;10;279.0;64.0;C;5;0;0;0;0;0;C;0;
TischSTAFFEL_Elektro;BESTUECKUNG_2_3FACH;11;286.0;65.0;C;5;0;0;0;0;0;C;0;
TischSTAFFEL_Elektro;STECKDOSE_4_FACH;12;287.0;61.0;C;5;0;1;0;0;0;C;0;
TischSTAFFEL_Elektro;BESTUECKUNG_1_4FACH;13;291.0;66.0;C;5;0;0;0;0;0;C;0;
TischSTAFFEL_Elektro;BESTUECKUNG_2_4FACH;14;302.0;67.0;C;5;0;0;0;0;0;C;0;
TischSTAFFEL_Elektro;STECKDOSE_5_FACH;15;303.0;61.0;C;5;0;1;0;0;0;C;0;
TischSTAFFEL_Elektro;BESTUECKUNG_1_5FACH;16;307.0;68.0;C;5;0;0;0;0;0;C;0;
TischSTAFFEL_Elektro;BESTUECKUNG_2_5FACH;17;310.0;69.0;C;5;0;0;0;0;0;C;0;
TischSTAFFEL_Elektro;BESTUECKUNG_1_PROFB;18;311.0;61.0;C;5;0;1;0;0;0;C;0;
TischSTAFFEL_Elektro;ZUFUEHRKABEL_1;19;320.0;61.0;C;5;0;1;0;0;0;C;0;
TischSTAFFEL_Elektro;ZUFUEHRKABEL_2;20;336.0;72.0;C;4;0;1;0;0;0;C;0;
TischSTAFFEL_Elektro;KUPPLUNGSKABEL_1;21;338.0;61.0;C;5;0;1;0;0;0;C;0;
TischSTAFFEL_Elektro;KUPPLUNGSKABEL_2;22;355.0;73.0;C;5;0;1;0;0;0;C;0;
TischSTAFFEL_Elektro;VERTEILER_1;23;357.0;61.0;C;5;0;1;0;0;0;C;0;
TischSTAFFEL_Elektro;POS_AUSFRAESUNG_HI;24;634.0;438.0;C;8;0;1;0;0;0;C;0;
TischSTAFFEL_Elektro;TYP_AUSFRAESUNG1_HI;25;643.0;446.0;C;8;0;0;0;0;0;C;0;
TischSTAFFEL_Elektro;TYP_AUSFRAESUNG2_HI;26;649.0;447.0;C;8;0;0;0;0;0;C;0;
TischSTAFFEL_Elektro;TYP_AUSFRAESUNG3_HI;27;650.0;448.0;C;8;0;0;0;0;0;C;0;
TischSTAFFEL_Elektro;F90;28;651.0;162.0;C;3;0;1;0;0;0;C;0;
TischSTAFFEL_Elektro;F53;29;653.0;163.0;C;3;0;1;0;0;0;C;0;
TischSTAFFEL_Sonstiges;LIEFERUNG;1;84.0;74.0;C;3;0;1;0;0;0;C;0;
TischSTAFFEL_Sonstiges;B1;2;669.0;;N;5;1;0;0;0;0;R;0;
TischSTAFFEL_Sonstiges;T1;3;670.0;;N;5;1;0;0;0;0;R;0;
TischSTAFFEL_Sonstiges;QUADRATMETER;4;86.0;;N;10;8;0;0;0;0;R;0;
TischSTAFFEL_Sonstiges;MATNR;5;87.0;;C;18;0;0;0;0;0;R;0;
TischSTAFFEL_Sonstiges;CACHE;6;;;N;6;0;0;0;0;0;R;0;
TischSTAFFEL_Sonstiges;CACHE_4;7;;;C;6;0;0;0;0;0;R;0;
TischSTAFFEL_Sonstiges;PRODUKTTYP;8;;;C;10;0;0;0;0;0;R;0;
TischSTAFFEL_Sonstiges;CACHE_ASF13;9;;;N;6;0;0;0;0;0;R;0;
TischSTAFFEL_Sonstiges;CACHE_ASF14;10;;;N;6;0;0;0;0;0;R;0;
TischSTAFFEL_Sonstiges;CACHE_ASF15;11;;;N;6;0;0;0;0;0;R;0;
TischSTAFFEL_Sonstiges;CACHE_WCS4;12;;;N;6;0;0;0;0;0;R;0;
TischSTAFFEL_Sonstiges;CACHE_KD8;13;;;N;6;0;0;0;0;0;R;0;
TischSTAFFEL_Sonstiges;CACHE_ASF6;14;;;N;6;0;0;0;0;0;R;0;
TischSTAFFEL_Sonstiges;CACHE_ASF2;15;;;N;6;0;0;0;0;0;R;0;
TischSTAFFEL_Sonstiges;CACHE_ASF3;16;;;N;6;0;0;0;0;0;R;0;
TischSTAFFEL_Sonstiges;X_1_FK;17;;;N;4;0;1;0;0;0;RG;0;
TischSTAFFEL_Sonstiges;TZWISCHENSPEICHER2;18;;;N;6;3;1;0;0;0;R;0;
TischSTAFFEL_Sonstiges;TGEWICHT;19;;;N;6;3;1;0;0;0;R;0;
KABELWANNE135_A;GST_DESIGN;1;24.0;;C;4;0;1;0;0;0;C;0;
KABELWANNE135_A;TISCHTYP_WP;2;700.0;451.0;C;18;0;1;0;0;0;C;0;
KABELWANNE135_A;B1_TI;3;1080.0;452.0;N;4;0;1;0;0;0;C;0;
KABELWANNE135_A;T1_TI;4;1174.0;469.0;N;4;0;1;0;0;0;C;0;
KABELWANNE135_A;KABELWANNE;5;249.0;475.0;C;5;0;1;0;0;0;C;0;
KABELWANNE135_A;F35;6;431.0;;C;3;0;1;0;0;0;C;0;
KABELWANNE135_A;PL_KONSOLE;7;1175.0;;C;5;0;1;0;0;0;R;0;
KABELWANNE135_A;MATNR;8;87.0;;C;18;0;0;0;0;0;R;0;
KABELWANNE135_A;T1400;9;;479.0;N;1;0;1;0;0;0;RG;0;
KABELWANNE135_A;TZWISCHENSPEICHER2;10;;;N;6;3;1;0;0;0;R;0;
KABELWANNE135_A;TGEWICHT;11;;;N;6;3;1;0;0;0;R;0;
ZZ_WPLINVERBTDB;GST_DESIGN;1;24.0;;C;4;0;1;0;0;0;C;0;
ZZ_WPLINVERBTDB;F2;2;212.0;;C;4;0;1;0;0;0;C;0;
ZZ_WPLINVERBTDB;GST_EINGER;3;448.0;;C;4;0;1;0;0;0;C;0;
ZZ_AS_LTRAV135_A;GST_DESIGN;1;24.0;;C;4;0;1;0;0;0;C;0;
ZZ_AS_LTRAV135_A;TISCHTYP_WP;2;700.0;482.0;C;8;0;1;0;0;0;C;0;
ZZ_AS_LTRAV135_A;B1_TI;3;1080.0;452.0;N;4;0;1;0;0;0;C;0;
ZZ_AS_LTRAV135_A;T1_TI;4;1174.0;483.0;N;4;0;1;0;0;0;C;0;
ZZ_AS_LTRAV135_A;F2;5;212.0;;C;4;0;1;0;0;0;C;0;
ZZ_AS_LTRAV135_A;GST_EINGER;6;448.0;;C;4;0;1;0;0;0;C;0;
ZZ_AS_LTRAV135_A;ANORDNUNG;7;1183.0;491.0;C;3;0;1;0;0;0;C;0;
ZZ_AS_LTRAV135_A;MATNR;8;87.0;;C;18;0;0;0;0;0;R;0;
KABELWANNE135_Bench;GST_DESIGN;1;24.0;;C;4;0;1;0;0;0;C;0;
KABELWANNE135_Bench;B1_TI;2;1080.0;;N;4;0;1;0;0;0;C;0;
KABELWANNE135_Bench;KABELWANNE_BENCH;3;432.0;493.0;C;4;0;1;0;0;0;C;0;
KABELWANNE135_Bench;F35;4;253.0;;C;3;0;1;0;0;0;C;0;
KABELWANNE135_Bench;GST_EINGER;5;448.0;;C;4;0;1;0;0;0;C;0;
KABELWANNE135_Bench;MATNR;6;87.0;;C;18;0;1;0;0;0;R;0;
KABELWANNE135_Bench;CACHE_4;7;;;N;1;0;0;0;0;0;R;0;
KABELWANNE135_Bench;TZWISCHENSPEICHER2;8;;;N;6;3;1;0;0;0;R;0;
KABELWANNE135_Bench;TGEWICHT;9;;;N;6;3;1;0;0;0;R;0;
ZZ_AS_ZUBEHOER_WPMOTSTBOX;GST_DESIGN;1;24.0;;C;4;0;1;0;0;0;C;0;
ZZ_AS_ZUBEHOER_WPMOTSTBOX;H_VERSTELL;2;214.0;;C;5;0;1;0;0;0;C;0;
ZZ_AS_ZUBEHOER_WPMOTSTBOX;ELEKTRO_LAND;3;254.0;59.0;C;2;0;1;0;0;0;C;0;
ZZ_AS_ZUBEHOER_WPMOTSTBOX;TISCHTYP_WP;4;700.0;;C;8;0;1;0;0;0;C;0;
ZZ_AS_ZUBEHOER_ELEKTRO;GST_DESIGN;1;24.0;;C;4;0;1;0;0;0;C;0;
ZZ_AS_ZUBEHOER_ELEKTRO;ELEKTRO_LAND;2;254.0;494.0;C;2;0;1;0;0;0;C;0;
ZZ_PLATTEN_ANBAU135_C;B1_TI;1;16.0;;N;4;0;1;0;0;0;R;0;
ZZ_PLATTEN_ANBAU135_C;T1_TI;2;19.0;;N;4;0;1;0;0;0;R;0;
ZZ_PLATTEN_ANBAU135_C;TISCHTYP_WP;3;700.0;497.0;C;8;0;1;0;0;0;C;0;
ZZ_PLATTEN_ANBAU135_C;ANB_TI_RETURN;4;21.0;226.0;C;3;0;1;0;0;0;C;0;
ZZ_PLATTEN_ANBAU135_C;GST_DESIGN;5;24.0;;C;4;0;1;0;0;0;C;0;
ZZ_PLATTEN_ANBAU135_C;ANB_HV;6;697.0;;C;4;0;1;0;0;0;C;0;
ZZ_PLATTEN_ANBAU135_C;OBFL01_TI;7;36.0;;C;3;0;1;0;0;0;C;0;
ZZ_PLATTEN_ANBAU135_C;F1;8;41.0;5.0;C;4;0;1;0;0;0;C;0;
ZZ_PLATTEN_ANBAU135_C;F6;9;63.0;10.0;C;3;0;1;0;0;0;C;0;
ZZ_PLATTEN_ANBAU135_C;PLATTENSTAERKE;10;67.0;;C;5;0;1;0;0;0;C;0;
ZZ_PLATTEN_ANBAU135_C;KT_GEO;11;74.0;;C;5;0;1;0;0;0;R;0;
ZZ_PLATTEN_ANBAU135_C;ANB;12;81.0;;C;2;0;1;0;0;0;C;0;
ZZ_PLATTEN_ANBAU135_C;PANEELVORBEREITUNG;13;666.0;497.0;C;4;0;1;0;0;0;C;0;
ZZ_PLATTEN_ANBAU135_C;QUADRATMETER;14;86.0;;N;10;8;0;0;0;0;R;0;
ZZ_PLATTEN_ANBAU135_C;CACHE;15;;;N;4;2;0;0;0;0;R;0;
ZZ_PLATTEN_ANBAU135_C;CACHE_4;16;;;C;6;0;0;0;0;0;R;0;
ZZ_PLATTEN_ANBAU135_C;MATNR;17;87.0;;C;18;0;0;0;0;0;R;0;
ZZ_PLATTEN_ANBAU135_C;TZWISCHENSPEICHER2;18;;;N;6;3;1;0;0;0;R;0;
ZZ_PLATTEN_ANBAU135_C;TGEWICHT;19;;;N;6;3;1;0;0;0;R;0;
ZZ_AS_KONSOLE135_A;GST_DESIGN;1;24.0;;C;4;0;1;0;0;0;C;0;
ZZ_AS_KONSOLE135_A;TISCHTYP_WP;2;700.0;501.0;C;8;0;1;0;0;0;C;0;
ZZ_AS_KONSOLE135_A;T1_TI;3;19.0;501.0;N;4;0;1;0;0;0;C;0;
ZZ_AS_KONSOLE135_A;F2;4;212.0;;C;4;0;1;0;0;0;C;0;
ZZ_AS_KONSOLE135_A;PLATTENSTAERKE;5;67.0;512.0;C;5;0;1;0;0;0;C;0;
ZZ_AS_KONSOLE135_A;MATNR;6;87.0;;C;18;0;0;0;0;0;R;0;
ZZ_AS_PLATTE_MONO;B1_TI;1;16.0;;N;4;0;1;0;0;0;C;0;
ZZ_AS_PLATTE_MONO;T1_TI;2;19.0;;N;4;0;1;0;0;0;C;0;
ZZ_AS_PLATTE_MONO;GST_DESIGN;3;24.0;;C;4;0;1;0;0;0;C;0;
ZZ_AS_PLATTE_MONO;OBFL01_TI;4;36.0;;C;3;0;1;0;0;0;C;0;
ZZ_AS_PLATTE_MONO;F1;5;41.0;5.0;C;4;0;1;0;0;0;C;0;
ZZ_AS_PLATTE_MONO;F6;6;63.0;10.0;C;3;0;1;0;0;0;C;0;
ZZ_AS_PLATTE_MONO;PLATTENSTAERKE;7;67.0;;C;5;0;1;0;0;0;C;0;
ZZ_AS_PLATTE_MONO;ECK_GEO;8;71.0;20.0;C;4;0;1;0;0;0;C;0;
ZZ_AS_PLATTE_MONO;KT_GEO;9;74.0;516.0;C;5;0;1;0;0;0;C;0;
ZZ_AS_PLATTE_MONO;QUADRATMETER;10;86.0;;N;10;8;0;0;0;0;R;0;
ZZ_AS_PLATTE_MONO;CACHE;11;;;N;4;2;0;0;0;0;R;0;
ZZ_AS_PLATTE_MONO;CACHE_4;12;;;C;6;0;0;0;0;0;R;0;
ZZ_AS_PLATTE_MONO;MATNR;13;87.0;;C;18;0;0;0;0;0;R;0;
ZZ_AS_PLATTE_MONO;TZWISCHENSPEICHER2;14;;;N;6;3;1;0;0;0;R;0;
ZZ_AS_PLATTE_MONO;TGEWICHT;15;;;N;6;3;1;0;0;0;R;0;
ZUBEHOER135_J;GST_DESIGN;1;24.0;;C;4;0;1;0;0;0;C;0;
ZUBEHOER135_J;F2;2;91.0;;C;3;0;1;0;0;0;C;0;
ZUBEHOER135_J;MATNR;3;;;C;1;0;1;0;0;0;R;0;
MONOSAEULENTISCH;B1_TI;1;16.0;;N;4;0;1;0;0;0;C;0;
MONOSAEULENTISCH;T1_TI;2;19.0;;N;4;0;1;0;0;0;C;0;
MONOSAEULENTISCH;GST_DESIGN;3;24.0;;C;4;0;1;0;0;0;C;0;
MONOSAEULENTISCH;F2;4;1113.0;387.0;C;4;0;1;0;0;0;C;0;
MONOSAEULENTISCH;H_VERSTELL;5;214.0;;C;5;0;1;0;0;0;C;0;
MONOSAEULENTISCH;OBFL01_TI;6;36.0;;C;3;0;1;0;0;0;C;0;
MONOSAEULENTISCH;F1;7;41.0;5.0;C;4;0;1;0;0;0;C;0;
MONOSAEULENTISCH;F6;8;63.0;10.0;C;3;0;1;0;0;0;C;0;
MONOSAEULENTISCH;PLATTENSTAERKE;9;67.0;;C;5;0;1;0;0;0;C;0;
MONOSAEULENTISCH;ECK_GEO;10;71.0;20.0;C;4;0;1;0;0;0;C;0;
MONOSAEULENTISCH;KT_GEO;11;74.0;516.0;C;5;0;1;0;0;0;C;0;
MONOSAEULENTISCH;KLAPPFKT_PL;12;1118.0;390.0;C;4;0;1;0;0;0;C;0;
MONOSAEULENTISCH;FUSS_DESIGN;13;228.0;;C;5;0;1;0;0;0;C;0;
MONOSAEULENTISCH;F11;14;237.0;;C;3;0;1;0;0;0;RV;0;
MONOSAEULENTISCH;LIEFERUNG;15;84.0;391.0;C;3;0;1;0;0;0;R;0;
MONOSAEULENTISCH;QUADRATMETER;16;86.0;;N;10;8;0;0;0;0;R;0;
MONOSAEULENTISCH;CACHE;17;;;N;4;2;0;0;0;0;R;0;
MONOSAEULENTISCH;CACHE_4;18;;;C;6;0;0;0;0;0;R;0;
MONOSAEULENTISCH;MATNR;19;87.0;;C;18;0;0;0;0;0;R;0;
MONOSAEULENTISCH;TZWISCHENSPEICHER2;20;;;N;6;3;1;0;0;0;R;0;
MONOSAEULENTISCH;TGEWICHT;21;;;N;6;3;1;0;0;0;R;0;
ZUBEHOER135_A;GST_DESIGN;1;24.0;;C;4;0;1;0;0;0;C;0;
ZUBEHOER135_A;F8;2;91.0;;C;3;0;1;0;0;0;C;0;
ZUBEHOER135_A;MATNR;3;87.0;;C;18;0;0;0;0;0;R;0;
ROLLWAGEN_A;GST_DESIGN;1;24.0;;C;4;0;1;0;0;0;C;0;
ROLLWAGEN_A;F8;2;1224.0;;C;3;0;1;0;0;0;C;0;
ROLLWAGEN_A;SCHUBLADE;3;1225.0;521.0;C;5;0;0;0;0;0;C;0;
BLENDEDB135_A;T1_TI;1;1174.0;;N;4;0;1;0;0;0;C;0;
BLENDEDB135_A;GST_DESIGN;2;24.0;;C;4;0;1;0;0;0;C;0;
BLENDEDB135_A;F2;3;91.0;524.0;C;4;0;1;0;0;0;C;0;
BLENDEDB135_A;MATNR;4;87.0;;C;18;0;0;0;0;0;R;0;
BLENDEDB135_A;TZWISCHENSPEICHER2;5;;;N;6;3;1;0;0;0;R;0;
BLENDEDB135_A;TGEWICHT;6;;;N;6;3;1;0;0;0;R;0;
ZUBEHOER135_D;GST_DESIGN;1;24.0;;C;4;0;1;0;0;0;C;0;
ZUBEHOER135_D;F12;2;101.0;;C;3;0;1;0;0;0;C;0;
ZUBEHOER135_D;PLATTENSTAERKE;3;67.0;;C;5;0;1;0;0;0;C;0;
ZUBEHOER135_D;MATNR;4;87.0;;C;18;0;0;0;0;0;R;0;
ZZ_AS_ZUBEHOER135_I;GST_DESIGN;1;24.0;;C;4;0;1;0;0;0;C;0;
ZZ_AS_ZUBEHOER135_I;FUSS_DESIGN;2;228.0;528.0;C;5;0;1;0;0;0;C;0;
ZZ_AS_ZUBEHOER135_I;H_AUSGLEICH;3;246.0;400.0;C;4;0;1;0;0;0;C;0;
ZUBEHOER999_A;GST_DESIGN;1;24.0;;C;4;0;1;0;0;0;C;0;
ZUBEHOER999_A;F8;2;91.0;;C;3;0;1;0;0;0;C;0;
ZUBEHOER999_A;MATNR;3;;;C;1;0;1;0;0;0;R;0;
ZZ_AS_ZUBEHOER135_K;GST_DESIGN;1;24.0;;C;4;0;1;0;0;0;C;0;
ZZ_AS_ZUBEHOER135_K;B1_RW;2;1244.0;532.0;N;4;0;1;0;0;0;C;0;
ZZ_AS_ZUBEHOER135_K;F4;3;1245.0;;C;3;0;1;0;0;0;C;0;
ZZ_AS_ZUBEHOER135_K;RW_BEF_AN;4;1246.0;;C;4;0;1;0;0;0;C;0;
ZZ_AS_ZUBEHOER135_K;BEF_AN;5;1249.0;;C;3;0;1;0;0;0;C;0;
ZZ_AS_ZUBEHOER135_K;TZWISCHENSPEICHER2;6;;;N;6;3;1;0;0;0;R;0;
ZZ_AS_ZUBEHOER135_K;TGEWICHT;7;;;N;6;3;1;0;0;0;R;0;
ZZ_AS_ZUBEHOER135_J;GST_DESIGN;1;24.0;;C;4;0;1;0;0;0;C;0;
ZZ_AS_ZUBEHOER135_J;F2;2;212.0;;C;4;0;1;0;0;0;C;0;
ZUBEHOER_KABELSTRUEMPFE;GST_DESIGN;1;24.0;;C;4;0;1;0;0;0;C;0;
ZUBEHOER_KABELSTRUEMPFE;OBFL01;2;1272.0;;C;3;0;1;0;0;0;R;0;
ZUBEHOER_KABELSTRUEMPFE;STOFFKATEGORIE;3;748.0;;C;4;0;1;0;0;0;R;0;
ZUBEHOER_KABELSTRUEMPFE;STOFFGR;4;1274.0;;C;4;0;1;0;0;0;C;0;
ZUBEHOER_KABELSTRUEMPFE;F7;5;1276.0;;C;5;0;1;0;0;0;C;0;
ZUBEHOER_KABELSTRUEMPFE;MATNR;6;87.0;;C;18;0;0;0;0;0;R;0;
PERSBOX135_A;GST_DESIGN;1;1098.0;;C;4;0;1;0;0;0;C;0;
PERSBOX135_A;F20;2;76.0;;C;4;0;1;0;0;0;C;0;
PERSBOX135_A;SCHLIESSUNG;3;1296.0;536.0;C;5;0;1;0;0;0;C;0;
PERSBOX135_A;BOX_BEF_AN;4;876.0;537.0;C;4;0;1;0;0;0;C;0;
PERSBOX135_A;F216;5;879.0;539.0;C;4;0;1;0;0;0;C;0;
PERSBOX135_A;AUFLAGE;6;742.0;540.0;C;4;0;1;0;0;0;C;0;
PERSBOX135_A;F93;7;746.0;239.0;C;4;0;1;0;0;0;C;0;
PERSBOX135_A;STOFFKATEGORIE;8;748.0;240.0;C;4;0;1;0;0;0;C;0;
PERSBOX135_A;STOFFGR_13;9;752.0;241.0;C;4;0;1;0;0;0;C;0;
PERSBOX135_A;F123;10;763.0;245.0;C;5;0;1;0;0;0;C;0;
PERSBOX135_A;ORGANISATION;11;1300.0;542.0;C;4;0;1;0;0;0;C;0;
PERSBOX135_A;E_BEST_KEYST;12;1138.0;543.0;C;4;0;1;0;0;0;C;0;
PERSBOX135_A;E_BODEN;13;1304.0;544.0;C;3;0;1;0;0;0;C;0;
PERSBOX135_A;GESTELL;14;1307.0;545.0;C;3;0;1;0;0;0;C;0;
PERSBOX135_A;F2;15;212.0;546.0;C;4;0;1;0;0;0;C;0;
PERSBOX135_A;GRIFFSCHLAUFE;16;1310.0;547.0;C;4;0;1;0;0;0;C;0;
PERSBOX135_A;MESSAGE_ONE;17;686.0;218.0;C;8;0;1;0;0;0;C;0;
PERSBOX135_A;DIREKTLF;18;688.0;;C;7;0;1;0;0;0;C;0;
PERSBOX135_A;MATNR;19;87.0;;C;18;0;0;0;0;0;R;0;
PERSBOX135_A;TZWISCHENSPEICHER2;20;;;N;6;3;1;0;0;0;R;0;
PERSBOX135_A;TGEWICHT;21;;;N;6;3;1;0;0;0;R;0;
ZZ_AS_PLATTE_DRUCKER;GST_DESIGN;1;24.0;;C;4;0;1;0;0;0;C;0;
ZZ_AS_PLATTE_DRUCKER;OBFL01_TI;2;36.0;;C;3;0;1;0;0;0;C;0;
ZZ_AS_PLATTE_DRUCKER;F1;3;41.0;5.0;C;4;0;1;0;0;0;C;0;
ZZ_AS_PLATTE_DRUCKER;F6;4;63.0;10.0;C;3;0;1;0;0;0;C;0;
ZZ_AS_PLATTE_DRUCKER;QUADRATMETER;5;86.0;;N;10;8;0;0;0;0;R;0;
ZZ_AS_PLATTE_DRUCKER;MATNR;6;87.0;;C;18;0;0;0;0;0;R;0;
ZZ_AS_PLATTE_DRUCKER;B1;7;669.0;;N;5;1;1;0;0;0;R;0;
ZZ_AS_PLATTE_DRUCKER;T1;8;670.0;;N;5;1;1;0;0;0;R;0;
ZZ_AS_PLATTE_DRUCKER;CACHE;9;;;N;4;2;0;0;0;0;R;0;
ZZ_AS_PLATTE_DRUCKER;CACHE_4;10;;;C;6;0;0;0;0;0;R;0;
ZZ_AS_PLATTE_DRUCKER;TZWISCHENSPEICHER2;11;;;N;6;3;1;0;0;0;R;0;
ZZ_AS_PLATTE_DRUCKER;TGEWICHT;12;;;N;6;3;1;0;0;0;R;0;
RUECKWAND_NORMAL;OBFL01;1;1272.0;;C;3;0;1;0;0;0;C;0;
RUECKWAND_NORMAL;B1_RW;2;1325.0;550.0;N;4;0;1;0;0;0;C;0;
RUECKWAND_NORMAL;GST_DESIGN;3;24.0;551.0;C;4;0;1;0;0;0;C;0;
RUECKWAND_NORMAL;F4;4;1245.0;;C;3;0;1;0;0;0;C;0;
RUECKWAND_NORMAL;RW_BEF_AN;5;1246.0;;C;4;0;1;0;0;0;C;0;
RUECKWAND_NORMAL;BEF_AN;6;1249.0;;C;3;0;1;0;0;0;C;0;
RUECKWAND_NORMAL;MATNR;7;87.0;;C;18;0;0;0;0;0;R;0;
RUECKWAND_NORMAL;TZWISCHENSPEICHER2;8;;;N;6;3;1;0;0;0;R;0;
RUECKWAND_NORMAL;TGEWICHT;9;;;N;6;3;1;0;0;0;R;0;
RUECKWAND_STAFFEL;OBFL01;1;1272.0;;C;3;0;1;0;0;0;C;0;
RUECKWAND_STAFFEL;B1_RW;2;1325.0;550.0;N;4;0;1;0;0;0;C;0;
RUECKWAND_STAFFEL;GST_DESIGN;3;24.0;551.0;C;4;0;1;0;0;0;C;0;
RUECKWAND_STAFFEL;F4;4;1245.0;;C;3;0;1;0;0;0;C;0;
RUECKWAND_STAFFEL;MATNR;5;87.0;;C;18;0;0;0;0;0;R;0;
RUECKWAND_STAFFEL;TZWISCHENSPEICHER2;6;;;N;6;3;1;0;0;0;R;0;
RUECKWAND_STAFFEL;TGEWICHT;7;;;N;6;3;1;0;0;0;R;0;
DRUCKER135_A;OBFL01_TI;1;36.0;;C;3;0;1;0;0;0;C;0;
DRUCKER135_A;F1;2;41.0;5.0;C;4;0;1;0;0;0;C;0;
DRUCKER135_A;F6;3;63.0;10.0;C;3;0;1;0;0;0;C;0;
DRUCKER135_A;GST_DESIGN;4;24.0;551.0;C;4;0;1;0;0;0;C;0;
DRUCKER135_A;F2;5;212.0;76.0;C;4;0;1;0;0;0;C;0;
DRUCKER135_A;B1;6;669.0;;N;5;1;0;0;0;0;R;0;
DRUCKER135_A;T1;7;670.0;;N;5;1;0;0;0;0;R;0;
DRUCKER135_A;QUADRATMETER;8;86.0;;N;10;8;0;0;0;0;R;0;
DRUCKER135_A;MATNR;9;87.0;;C;18;0;0;0;0;0;R;0;
DRUCKER135_A;CACHE;10;;;N;1;0;0;0;0;0;R;0;
ZUBEHOER135_B;GST_DESIGN;1;24.0;;C;4;0;1;0;0;0;C;0;
ZUBEHOER135_B;F8;2;91.0;;C;3;0;1;0;0;0;C;0;
ZUBEHOER135_B;GST_EINGER;3;448.0;;C;4;0;1;0;0;0;C;0;
ZUBEHOER135_B;MATNR;4;87.0;;C;18;0;0;0;0;0;R;0;
ZZ_VERB_WINKEL_ANBAU_RETURN;GST_DESIGN;1;24.0;;C;4;0;1;0;0;0;C;0;
ZZ_VERB_WINKEL_ANBAU_RETURN;F2;2;212.0;;C;4;0;1;0;0;0;C;0;
ZZ_VERB_WINKEL_ANBAU_RETURN;ANBAU_RETURN;3;525.0;;C;4;0;1;0;0;0;C;0;
ZZ_AS_ZUBEHOER135_H;GST_DESIGN;1;24.0;;C;4;0;1;0;0;0;C;0;
ZZ_AS_ZUBEHOER135_H;TISCHTYP_WP;2;700.0;;C;8;0;1;0;0;0;C;0;
ZZ_AS_ZUBEHOER135_H;T1_TI;3;19.0;;N;4;0;1;0;0;0;C;0;
ZZ_AS_ZUBEHOER135_H;F2;4;212.0;;C;4;0;1;0;0;0;C;0;
ZZ_AS_ZUBEHOER135_H;PANEELVORBEREITUNG;5;666.0;572.0;C;4;0;1;0;0;0;C;0;
ELEKTRO_A;GST_DESIGN;1;24.0;;C;4;0;1;0;0;0;C;0;
ELEKTRO_A;KUPPLUNGSKABEL_1;2;338.0;;C;5;0;1;0;0;0;C;0;
ELEKTRO_A;TZWISCHENSPEICHER2;3;;;N;6;3;1;0;0;0;R;0;
ELEKTRO_A;TGEWICHT;4;;;N;6;3;1;0;0;0;R;0;
ELEKTRO_C;GST_DESIGN;1;24.0;;C;4;0;1;0;0;0;C;0;
ELEKTRO_C;ELEKTRO_LAND;2;254.0;577.0;C;2;0;1;0;0;0;C;0;
ELEKTRO_C;BESTUECKUNG_1_3FACH;3;279.0;;C;5;0;1;0;0;0;C;0;
ELEKTRO_C;TZWISCHENSPEICHER2;4;;;N;6;3;1;0;0;0;R;0;
ELEKTRO_C;TGEWICHT;5;;;N;6;3;1;0;0;0;R;0;
ZUBEHOER_A_GEST;GST_DESIGN;1;24.0;;C;4;0;1;0;0;0;C;0;
ZUBEHOER_A_GEST;ELEKTRO_LAND;2;254.0;577.0;C;2;0;1;0;0;0;C;0;
ELEKTRO_999_MODULAR;GST_DESIGN;1;24.0;;C;4;0;1;0;0;0;C;0;
ELEKTRO_999_MODULAR;ELEKTRO_LAND;2;254.0;577.0;C;2;0;1;0;0;0;C;0;
ELEKTRO_999_MODULAR;BESTUECKUNG_1_2FACH;3;1371.0;578.0;C;5;0;0;0;0;0;C;0;
ELEKTRO_999_MODULAR;BESTUECKUNG_1_3FACH;4;1372.0;579.0;C;5;0;0;0;0;0;C;0;
ELEKTRO_999_MODULAR;BESTUECKUNG_1_4FACH;5;1373.0;580.0;C;5;0;0;0;0;0;C;0;
ELEKTRO_999_MODULAR;BESTUECKUNG_1_5FACH;6;1374.0;581.0;C;5;0;0;0;0;0;C;0;
ELEKTRO_999_MODULAR;BESTUECKUNG_1_PROFB;7;311.0;582.0;C;5;0;0;0;0;0;C;0;
ELEKTRO_B;GST_DESIGN;1;24.0;;C;4;0;1;0;0;0;C;0;
ELEKTRO_B;ELEKTRO_LAND;2;254.0;577.0;C;2;0;1;0;0;0;C;0;
ELEKTRO_B;ZUFUEHRKABEL_1;3;320.0;;C;5;0;1;0;0;0;C;0;
ELEKTRO_B;TZWISCHENSPEICHER2;4;;;N;6;3;1;0;0;0;R;0;
ELEKTRO_B;TGEWICHT;5;;;N;6;3;1;0;0;0;R;0;
ELEKTRO_B_MODULAR;GST_DESIGN;1;24.0;;C;4;0;1;0;0;0;C;0;
ELEKTRO_B_MODULAR;ELEKTRO_LAND;2;254.0;577.0;C;2;0;1;0;0;0;C;0;
ELEKTRO_B_MODULAR;ZUFUEHRKABEL_1;3;320.0;;C;5;0;1;0;0;0;C;0;
ELEKTRO_B_MODULAR;TZWISCHENSPEICHER2;4;;;N;6;3;1;0;0;0;R;0;
ELEKTRO_B_MODULAR;TGEWICHT;5;;;N;6;3;1;0;0;0;R;0;
ELEKTRO_D;GST_DESIGN;1;24.0;;C;4;0;1;0;0;0;C;0;
ELEKTRO_D;VERTEILER_1;2;357.0;;C;5;0;1;0;0;0;C;0;
