WPABESABOG;ANBAU135_B;B1_TI;500
WPABESABOG;ANBAU135_B;T1_TI;802
WPABESN;ANBAU135_B;B1_TI;500
WPABESN;ANBAU135_B;T1_TI;802
WPABREGS;ANBAU135_B;ANB_TI_RETURN;TT1
WPABREGS;ANBAU135_B;B1_TI;400
WPABREGS;ANBAU135_B;T1_TI;802
WPAPGBEE;ZZ_AS_GESTELL_BERATER;B1_TI;2180
WPAPGBEE;ZZ_AS_GESTELL_BERATER;T1_TI;1050
WPAPGBEF;ZZ_AS_GESTELL_BERATER;B1_TI;2438
WPAPGBEF;ZZ_AS_GESTELL_BERATER;T1_TI;1030
WPAPGFR;ZZ_AS_GESTELL_NORMAL;B1_TI;1600
WPAPGFR;ZZ_AS_GESTELL_NORMAL;B1_TI;1800
WPAPGFR;ZZ_AS_GESTELL_NORMAL;B1_TI;2000
WPAPGFR;ZZ_AS_GESTELL_NORMAL;T1_TI;1000
WPAPGN;ZZ_AS_GESTELL_NORMAL;B1_TI;1000
WPAPGN;ZZ_AS_GESTELL_NORMAL;B1_TI;1200
WPAPGN;ZZ_AS_GESTELL_NORMAL;B1_TI;1400
WPAPGN;ZZ_AS_GESTELL_NORMAL;B1_TI;1600
WPAPGN;ZZ_AS_GESTELL_NORMAL;B1_TI;1800
WPAPGN;ZZ_AS_GESTELL_NORMAL;B1_TI;2000
WPAPGN;ZZ_AS_GESTELL_NORMAL;B1_TI;800
WPAPGN;ZZ_AS_GESTELL_NORMAL;T1_TI;1000
WPAPGN;ZZ_AS_GESTELL_NORMAL;T1_TI;600
WPAPGN;ZZ_AS_GESTELL_NORMAL;T1_TI;700
WPAPGN;ZZ_AS_GESTELL_NORMAL;T1_TI;800
WPAPGN;ZZ_AS_GESTELL_NORMAL;T1_TI;900
WPAPPBEE;ZZ_AS_PLATTE_BERATER;B1_TI;2180
WPAPPBEE;ZZ_AS_PLATTE_BERATER;T1_TI;1050
WPAPPBEF;ZZ_AS_PLATTE_BERATER;B1_TI;2438
WPAPPBEF;ZZ_AS_PLATTE_BERATER;T1_TI;1030
WPAPPDB;ZZ_AS_PLATTE_BENCH;PRODUKTTYP;BENCH
WPAPPFR;ZZ_AS_PLATTE_NORMAL;B1_TI;1600
WPAPPFR;ZZ_AS_PLATTE_NORMAL;B1_TI;1800
WPAPPFR;ZZ_AS_PLATTE_NORMAL;B1_TI;2000
WPAPPFR;ZZ_AS_PLATTE_NORMAL;PRODUKTTYP;FTISCH_2
WPAPPFR;ZZ_AS_PLATTE_NORMAL;T1_TI;1000
WPAPPN;ZZ_AS_PLATTE_NORMAL;PRODUKTTYP;STISCH
WPAPTBEE;TischBERATER_Masse;B1_TI;2180
WPAPTBEE;TischBERATER_Masse;T1_TI;1050
WPAPTBEF;TischBERATER_Masse;B1_TI;2438
WPAPTBEF;TischBERATER_Masse;T1_TI;1030
WPAPTDB;TischBENCH_Elektro;PRODUKTTYP;BENCH
WPAPTFR;TischNORMAL_Masse;B1_TI;1600
WPAPTFR;TischNORMAL_Masse;B1_TI;1800
WPAPTFR;TischNORMAL_Masse;B1_TI;2000
WPAPTFR;TischNORMAL_Masse;T1_TI;1000
WPAPTFR;TischNORMAL_Sonstiges;PRODUKTTYP;FTISCH_2
WPAPTN;TischNORMAL_Sonstiges;PRODUKTTYP;STISCH
WPAPTRA;TischANBAU_Elektro;PL_KONSOLE;KON2
WPATS135RD;ANBAU135_C;B1_TI;802
WPATS135RD;ANBAU135_C;T1_TI;1482
WPATS34RD;ANBAU135_C;B1_TI;1391
WPATS34RD;ANBAU135_C;T1_TI;1391
WPATSANSRD;ANBAU135_C;B1_TI;1046
WPATSANSRD;ANBAU135_C;T1_TI;1200
WPATSDABOG;ANBAU135_C;B1_TI;600
WPATSDABOG;ANBAU135_C;T1_TI;1629
WPATSRDBOG;ANBAU135_C;B1_TI;802
WPATSRDBOG;ANBAU135_C;T1_TI;1203
WPAUFORGFBH;ZZ_FLACHBILDSCHIRMH_ZUBEHOER;KLEMMADAPTER;KA9
WPBABREGS;ZZ_PLATTEN_ANBAU135_B;ANB_TI_RETURN;TT1
WPBABREGS;ZZ_PLATTEN_ANBAU135_B;B1_TI;500
WPBABREGS;ZZ_PLATTEN_ANBAU135_B;T1_TI;800
WPBG2ENDB;ZZ_AS_GESTELL_BESPRECHUNG;B1_TI;1600
WPBG2ENDB;ZZ_AS_GESTELL_BESPRECHUNG;B1_TI;1800
WPBG2ENDB;ZZ_AS_GESTELL_BESPRECHUNG;B1_TI;2000
WPBG2ENDB;ZZ_AS_GESTELL_BESPRECHUNG;T1_TI;1400
WPBG2ENDB;ZZ_AS_GESTELL_BESPRECHUNG;T1_TI;1600
WPBG2ENDN;ZZ_AS_GESTELL_BESPRECHUNG;B1_TI;1600
WPBG2ENDN;ZZ_AS_GESTELL_BESPRECHUNG;B1_TI;1800
WPBG2ENDN;ZZ_AS_GESTELL_BESPRECHUNG;B1_TI;2000
WPBG2ENDN;ZZ_AS_GESTELL_BESPRECHUNG;T1_TI;1400
WPBG2ENDN;ZZ_AS_GESTELL_BESPRECHUNG;T1_TI;1600
WPBG2ZWIN;ZZ_AS_GESTELL_BESPRECHUNG;B1_TI;1600
WPBG2ZWIN;ZZ_AS_GESTELL_BESPRECHUNG;T1_TI;1400
WPBG2ZWIN;ZZ_AS_GESTELL_BESPRECHUNG;T1_TI;1600
WPBG4ANFN;ZZ_AS_GESTELL_BESPRECHUNG;B1_TI;1600
WPBG4ANFN;ZZ_AS_GESTELL_BESPRECHUNG;B1_TI;1800
WPBG4ANFN;ZZ_AS_GESTELL_BESPRECHUNG;B1_TI;2000
WPBG4ANFN;ZZ_AS_GESTELL_BESPRECHUNG;T1_TI;1400
WPBG4ANFN;ZZ_AS_GESTELL_BESPRECHUNG;T1_TI;1600
WPBG4B;ZZ_AS_GESTELL_BESPRECHUNG;B1_TI;2400
WPBG4B;ZZ_AS_GESTELL_BESPRECHUNG;B1_TI;2800
WPBG4B;ZZ_AS_GESTELL_BESPRECHUNG;T1_TI;1400
WPBG4B;ZZ_AS_GESTELL_BESPRECHUNG;T1_TI;1600
WPBG4N;ZZ_AS_GESTELL_BESPRECHUNG;B1_TI;2200
WPBG4N;ZZ_AS_GESTELL_BESPRECHUNG;B1_TI;2400
WPBG4N;ZZ_AS_GESTELL_BESPRECHUNG;B1_TI;2800
WPBG4N;ZZ_AS_GESTELL_BESPRECHUNG;T1_TI;1400
WPBG4N;ZZ_AS_GESTELL_BESPRECHUNG;T1_TI;1600
WPBGANFB;ZZ_AS_GESTELL_BESPRECHUNG;B1_TI;1600
WPBGANFB;ZZ_AS_GESTELL_BESPRECHUNG;B1_TI;1800
WPBGANFB;ZZ_AS_GESTELL_BESPRECHUNG;B1_TI;2000
WPBGANFB;ZZ_AS_GESTELL_BESPRECHUNG;T1_TI;1200
WPBGANFN;ZZ_AS_GESTELL_BESPRECHUNG;B1_TI;1600
WPBGANFN;ZZ_AS_GESTELL_BESPRECHUNG;B1_TI;1800
WPBGANFN;ZZ_AS_GESTELL_BESPRECHUNG;B1_TI;2000
WPBGANFN;ZZ_AS_GESTELL_BESPRECHUNG;T1_TI;1000
WPBGANFN;ZZ_AS_GESTELL_BESPRECHUNG;T1_TI;1200
WPBGANFN;ZZ_AS_GESTELL_BESPRECHUNG;T1_TI;800
WPBGANFT;ZZ_AS_GESTELL_BESPRECHUNG;B1_TI;1600
WPBGANFT;ZZ_AS_GESTELL_BESPRECHUNG;B1_TI;1800
WPBGANFT;ZZ_AS_GESTELL_BESPRECHUNG;B1_TI;2000
WPBGANFT;ZZ_AS_GESTELL_BESPRECHUNG;T1_TI;1200
WPBGB;ZZ_AS_GESTELL_BESPRECHUNG;B1_TI;1800
WPBGB;ZZ_AS_GESTELL_BESPRECHUNG;B1_TI;2000
WPBGB;ZZ_AS_GESTELL_BESPRECHUNG;B1_TI;2400
WPBGB;ZZ_AS_GESTELL_BESPRECHUNG;B1_TI;2800
WPBGB;ZZ_AS_GESTELL_BESPRECHUNG;B1_TI;3200
WPBGB;ZZ_AS_GESTELL_BESPRECHUNG;B1_TI;4000
WPBGB;ZZ_AS_GESTELL_BESPRECHUNG;T1_TI;1000
WPBGB;ZZ_AS_GESTELL_BESPRECHUNG;T1_TI;1200
WPBGB;ZZ_AS_GESTELL_BESPRECHUNG;T1_TI;1400
WPBGB;ZZ_AS_GESTELL_BESPRECHUNG;T1_TI;1600
WPBGB;ZZ_AS_GESTELL_BESPRECHUNG;TPL_GEO;BF
WPBGENDB;ZZ_AS_GESTELL_BESPRECHUNG;B1_TI;1600
WPBGENDB;ZZ_AS_GESTELL_BESPRECHUNG;B1_TI;1800
WPBGENDB;ZZ_AS_GESTELL_BESPRECHUNG;B1_TI;2000
WPBGENDB;ZZ_AS_GESTELL_BESPRECHUNG;T1_TI;1200
WPBGENDN;ZZ_AS_GESTELL_BESPRECHUNG;B1_TI;1600
WPBGENDN;ZZ_AS_GESTELL_BESPRECHUNG;B1_TI;1800
WPBGENDN;ZZ_AS_GESTELL_BESPRECHUNG;B1_TI;2000
WPBGENDN;ZZ_AS_GESTELL_BESPRECHUNG;T1_TI;1000
WPBGENDN;ZZ_AS_GESTELL_BESPRECHUNG;T1_TI;1200
WPBGENDN;ZZ_AS_GESTELL_BESPRECHUNG;T1_TI;800
WPBGENDT;ZZ_AS_GESTELL_BESPRECHUNG;B1_TI;1600
WPBGENDT;ZZ_AS_GESTELL_BESPRECHUNG;B1_TI;1800
WPBGENDT;ZZ_AS_GESTELL_BESPRECHUNG;B1_TI;2000
WPBGENDT;ZZ_AS_GESTELL_BESPRECHUNG;T1_TI;1200
WPBGHB;ZZ_AS_GESTELL_BESPRECHUNG;B1_TI;1600
WPBGHB;ZZ_AS_GESTELL_BESPRECHUNG;B1_TI;1800
WPBGHB;ZZ_AS_GESTELL_BESPRECHUNG;B1_TI;2000
WPBGHB;ZZ_AS_GESTELL_BESPRECHUNG;B1_TI;2200
WPBGHB;ZZ_AS_GESTELL_BESPRECHUNG;B1_TI;2400
WPBGHB;ZZ_AS_GESTELL_BESPRECHUNG;T1_TI;1200
WPBGN;ZZ_AS_GESTELL_BESPRECHUNG;B1_TI;1200
WPBGN;ZZ_AS_GESTELL_BESPRECHUNG;B1_TI;1400
WPBGN;ZZ_AS_GESTELL_BESPRECHUNG;B1_TI;1600
WPBGN;ZZ_AS_GESTELL_BESPRECHUNG;B1_TI;1800
WPBGN;ZZ_AS_GESTELL_BESPRECHUNG;B1_TI;2000
WPBGN;ZZ_AS_GESTELL_BESPRECHUNG;B1_TI;2200
WPBGN;ZZ_AS_GESTELL_BESPRECHUNG;B1_TI;2400
WPBGN;ZZ_AS_GESTELL_BESPRECHUNG;T1_TI;1000
WPBGN;ZZ_AS_GESTELL_BESPRECHUNG;T1_TI;1200
WPBGN;ZZ_AS_GESTELL_BESPRECHUNG;T1_TI;700
WPBGN;ZZ_AS_GESTELL_BESPRECHUNG;T1_TI;800
WPBGN;ZZ_AS_GESTELL_BESPRECHUNG;TPL_GEO;RE
WPBGO;ZZ_AS_GESTELL_BESPRECHUNG;B1_TI;1800
WPBGO;ZZ_AS_GESTELL_BESPRECHUNG;B1_TI;2100
WPBGO;ZZ_AS_GESTELL_BESPRECHUNG;T1_TI;1050
WPBGO;ZZ_AS_GESTELL_BESPRECHUNG;T1_TI;1100
WPBGO;ZZ_AS_GESTELL_BESPRECHUNG;TPL_GEO;EL
WPBGS;ZZ_AS_PLATTE_BESPRECHUNG;B1_TI;1600
WPBGS;ZZ_AS_PLATTE_BESPRECHUNG;B1_TI;1800
WPBGS;ZZ_AS_PLATTE_BESPRECHUNG;B1_TI;2000
WPBGS;ZZ_AS_PLATTE_BESPRECHUNG;B1_TI;2200
WPBGS;ZZ_AS_PLATTE_BESPRECHUNG;B1_TI;2400
WPBGS;ZZ_AS_PLATTE_BESPRECHUNG;T1_TI;1200
WPBGZWIN;ZZ_AS_GESTELL_BESPRECHUNG;B1_TI;1600
WPBGZWIN;ZZ_AS_GESTELL_BESPRECHUNG;T1_TI;1000
WPBGZWIN;ZZ_AS_GESTELL_BESPRECHUNG;T1_TI;1200
WPBGZWIN;ZZ_AS_GESTELL_BESPRECHUNG;T1_TI;800
WPBP2ENDB;ZZ_AS_PLATTE_BESPRECHUNG;B1_TI;1600
WPBP2ENDB;ZZ_AS_PLATTE_BESPRECHUNG;B1_TI;1800
WPBP2ENDB;ZZ_AS_PLATTE_BESPRECHUNG;B1_TI;2000
WPBP2ENDB;ZZ_AS_PLATTE_BESPRECHUNG;T1_TI;1400
WPBP2ENDB;ZZ_AS_PLATTE_BESPRECHUNG;T1_TI;1600
WPBP2ENDN;ZZ_AS_PLATTE_BESPRECHUNG;B1_TI;1600
WPBP2ENDN;ZZ_AS_PLATTE_BESPRECHUNG;B1_TI;1800
WPBP2ENDN;ZZ_AS_PLATTE_BESPRECHUNG;B1_TI;2000
WPBP2ENDN;ZZ_AS_PLATTE_BESPRECHUNG;T1_TI;1400
WPBP2ENDN;ZZ_AS_PLATTE_BESPRECHUNG;T1_TI;1600
WPBP2ZWIN;ZZ_AS_PLATTE_BESPRECHUNG;B1_TI;1600
WPBP2ZWIN;ZZ_AS_PLATTE_BESPRECHUNG;T1_TI;1400
WPBP2ZWIN;ZZ_AS_PLATTE_BESPRECHUNG;T1_TI;1600
WPBP4ANFB;ZZ_AS_PLATTE_BESPRECHUNG;B1_TI;1600
WPBP4ANFB;ZZ_AS_PLATTE_BESPRECHUNG;B1_TI;1800
WPBP4ANFB;ZZ_AS_PLATTE_BESPRECHUNG;B1_TI;2000
WPBP4ANFB;ZZ_AS_PLATTE_BESPRECHUNG;T1_TI;1400
WPBP4ANFB;ZZ_AS_PLATTE_BESPRECHUNG;T1_TI;1600
WPBP4ANFN;ZZ_AS_PLATTE_BESPRECHUNG;B1_TI;1600
WPBP4ANFN;ZZ_AS_PLATTE_BESPRECHUNG;B1_TI;1800
WPBP4ANFN;ZZ_AS_PLATTE_BESPRECHUNG;B1_TI;2000
WPBP4ANFN;ZZ_AS_PLATTE_BESPRECHUNG;T1_TI;1400
WPBP4ANFN;ZZ_AS_PLATTE_BESPRECHUNG;T1_TI;1600
WPBP4B;ZZ_AS_PLATTE_BESPRECHUNG;B1_TI;2400
WPBP4B;ZZ_AS_PLATTE_BESPRECHUNG;B1_TI;2800
WPBP4B;ZZ_AS_PLATTE_BESPRECHUNG;T1_TI;1400
WPBP4B;ZZ_AS_PLATTE_BESPRECHUNG;T1_TI;1600
WPBP4N;ZZ_AS_PLATTE_BESPRECHUNG;B1_TI;2200
WPBP4N;ZZ_AS_PLATTE_BESPRECHUNG;B1_TI;2400
WPBP4N;ZZ_AS_PLATTE_BESPRECHUNG;B1_TI;2800
WPBP4N;ZZ_AS_PLATTE_BESPRECHUNG;T1_TI;1400
WPBP4N;ZZ_AS_PLATTE_BESPRECHUNG;T1_TI;1600
WPBPANFB;ZZ_AS_PLATTE_BESPRECHUNG;B1_TI;1600
WPBPANFB;ZZ_AS_PLATTE_BESPRECHUNG;B1_TI;1800
WPBPANFB;ZZ_AS_PLATTE_BESPRECHUNG;B1_TI;2000
WPBPANFB;ZZ_AS_PLATTE_BESPRECHUNG;T1_TI;1200
WPBPANFN;ZZ_AS_PLATTE_BESPRECHUNG;B1_TI;1600
WPBPANFN;ZZ_AS_PLATTE_BESPRECHUNG;B1_TI;1800
WPBPANFN;ZZ_AS_PLATTE_BESPRECHUNG;B1_TI;2000
WPBPANFN;ZZ_AS_PLATTE_BESPRECHUNG;T1_TI;1000
WPBPANFN;ZZ_AS_PLATTE_BESPRECHUNG;T1_TI;1200
WPBPANFN;ZZ_AS_PLATTE_BESPRECHUNG;T1_TI;800
WPBPANFT;ZZ_AS_PLATTE_BESPRECHUNG;B1_TI;1600
WPBPANFT;ZZ_AS_PLATTE_BESPRECHUNG;B1_TI;1800
WPBPANFT;ZZ_AS_PLATTE_BESPRECHUNG;B1_TI;2000
WPBPANFT;ZZ_AS_PLATTE_BESPRECHUNG;T1_TI;1200
WPBPB;ZZ_AS_PLATTE_BESPRECHUNG;B1_TI;1800
WPBPB;ZZ_AS_PLATTE_BESPRECHUNG;B1_TI;2000
WPBPB;ZZ_AS_PLATTE_BESPRECHUNG;B1_TI;2400
WPBPB;ZZ_AS_PLATTE_BESPRECHUNG;B1_TI;2800
WPBPB;ZZ_AS_PLATTE_BESPRECHUNG;B1_TI;3200
WPBPB;ZZ_AS_PLATTE_BESPRECHUNG;B1_TI;4000
WPBPB;ZZ_AS_PLATTE_BESPRECHUNG;PRODUKTTYP;KTISCH
WPBPB;ZZ_AS_PLATTE_BESPRECHUNG;T1_TI;1000
WPBPB;ZZ_AS_PLATTE_BESPRECHUNG;T1_TI;1200
WPBPB;ZZ_AS_PLATTE_BESPRECHUNG;T1_TI;1400
WPBPB;ZZ_AS_PLATTE_BESPRECHUNG;T1_TI;1600
WPBPB;ZZ_AS_PLATTE_BESPRECHUNG;TPL_GEO;BF
WPBPENDB;ZZ_AS_PLATTE_BESPRECHUNG;B1_TI;1600
WPBPENDB;ZZ_AS_PLATTE_BESPRECHUNG;B1_TI;1800
WPBPENDB;ZZ_AS_PLATTE_BESPRECHUNG;B1_TI;2000
WPBPENDB;ZZ_AS_PLATTE_BESPRECHUNG;T1_TI;1200
WPBPENDN;ZZ_AS_PLATTE_BESPRECHUNG;B1_TI;1600
WPBPENDN;ZZ_AS_PLATTE_BESPRECHUNG;B1_TI;1800
WPBPENDN;ZZ_AS_PLATTE_BESPRECHUNG;B1_TI;2000
WPBPENDN;ZZ_AS_PLATTE_BESPRECHUNG;T1_TI;1000
WPBPENDN;ZZ_AS_PLATTE_BESPRECHUNG;T1_TI;1200
WPBPENDN;ZZ_AS_PLATTE_BESPRECHUNG;T1_TI;800
WPBPENDT;ZZ_AS_PLATTE_BESPRECHUNG;B1_TI;1600
WPBPENDT;ZZ_AS_PLATTE_BESPRECHUNG;B1_TI;1800
WPBPENDT;ZZ_AS_PLATTE_BESPRECHUNG;B1_TI;2000
WPBPENDT;ZZ_AS_PLATTE_BESPRECHUNG;T1_TI;1200
WPBPHB;ZZ_AS_PLATTE_BESPRECHUNG;B1_TI;1600
WPBPHB;ZZ_AS_PLATTE_BESPRECHUNG;B1_TI;1800
WPBPHB;ZZ_AS_PLATTE_BESPRECHUNG;B1_TI;2000
WPBPHB;ZZ_AS_PLATTE_BESPRECHUNG;B1_TI;2200
WPBPHB;ZZ_AS_PLATTE_BESPRECHUNG;B1_TI;2400
WPBPHB;ZZ_AS_PLATTE_BESPRECHUNG;T1_TI;1200
WPBPN;ZZ_AS_PLATTE_BESPRECHUNG;B1_TI;1200
WPBPN;ZZ_AS_PLATTE_BESPRECHUNG;B1_TI;1400
WPBPN;ZZ_AS_PLATTE_BESPRECHUNG;B1_TI;1600
WPBPN;ZZ_AS_PLATTE_BESPRECHUNG;B1_TI;1800
WPBPN;ZZ_AS_PLATTE_BESPRECHUNG;B1_TI;2000
WPBPN;ZZ_AS_PLATTE_BESPRECHUNG;B1_TI;2200
WPBPN;ZZ_AS_PLATTE_BESPRECHUNG;B1_TI;2400
WPBPN;ZZ_AS_PLATTE_BESPRECHUNG;PRODUKTTYP;KTISCH
WPBPN;ZZ_AS_PLATTE_BESPRECHUNG;T1_TI;1000
WPBPN;ZZ_AS_PLATTE_BESPRECHUNG;T1_TI;1200
WPBPN;ZZ_AS_PLATTE_BESPRECHUNG;T1_TI;700
WPBPN;ZZ_AS_PLATTE_BESPRECHUNG;T1_TI;800
WPBPN;ZZ_AS_PLATTE_BESPRECHUNG;TPL_GEO;RE
WPBPO;ZZ_AS_PLATTE_BESPRECHUNG;B1_TI;1800
WPBPO;ZZ_AS_PLATTE_BESPRECHUNG;B1_TI;2100
WPBPO;ZZ_AS_PLATTE_BESPRECHUNG;PRODUKTTYP;KTISCH
WPBPO;ZZ_AS_PLATTE_BESPRECHUNG;T1_TI;1050
WPBPO;ZZ_AS_PLATTE_BESPRECHUNG;T1_TI;1100
WPBPO;ZZ_AS_PLATTE_BESPRECHUNG;TPL_GEO;EL
WPBPS;ZZ_AS_PLATTE_BESPRECHUNG;B1_TI;1600
WPBPS;ZZ_AS_PLATTE_BESPRECHUNG;B1_TI;1800
WPBPS;ZZ_AS_PLATTE_BESPRECHUNG;B1_TI;2000
WPBPS;ZZ_AS_PLATTE_BESPRECHUNG;B1_TI;2200
WPBPS;ZZ_AS_PLATTE_BESPRECHUNG;B1_TI;2400
WPBPS;ZZ_AS_PLATTE_BESPRECHUNG;T1_TI;800
WPBPT;ZZ_AS_PLATTE_BESPRECHUNG;B1_TI;1600
WPBPT;ZZ_AS_PLATTE_BESPRECHUNG;B1_TI;1800
WPBPT;ZZ_AS_PLATTE_BESPRECHUNG;B1_TI;2000
WPBPT;ZZ_AS_PLATTE_BESPRECHUNG;B1_TI;2200
WPBPT;ZZ_AS_PLATTE_BESPRECHUNG;B1_TI;2400
WPBPT;ZZ_AS_PLATTE_BESPRECHUNG;T1_TI;1200
WPBPZWIN;ZZ_AS_PLATTE_BESPRECHUNG;B1_TI;1600
WPBPZWIN;ZZ_AS_PLATTE_BESPRECHUNG;T1_TI;1000
WPBPZWIN;ZZ_AS_PLATTE_BESPRECHUNG;T1_TI;1200
WPBPZWIN;ZZ_AS_PLATTE_BESPRECHUNG;T1_TI;800
WPBT2ENDB;TischBESPRECHUNG_Masse;B1_TI;1600
WPBT2ENDB;TischBESPRECHUNG_Masse;B1_TI;1800
WPBT2ENDB;TischBESPRECHUNG_Masse;B1_TI;2000
WPBT2ENDB;TischBESPRECHUNG_Masse;T1_TI;1400
WPBT2ENDB;TischBESPRECHUNG_Masse;T1_TI;1600
WPBT2ENDN;TischBESPRECHUNG_Masse;B1_TI;1600
WPBT2ENDN;TischBESPRECHUNG_Masse;B1_TI;1800
WPBT2ENDN;TischBESPRECHUNG_Masse;B1_TI;2000
WPBT2ENDN;TischBESPRECHUNG_Masse;T1_TI;1400
WPBT2ENDN;TischBESPRECHUNG_Masse;T1_TI;1600
WPBT2ZWIN;TischBESPRECHUNG_Masse;B1_TI;1600
WPBT2ZWIN;TischBESPRECHUNG_Masse;T1_TI;1400
WPBT2ZWIN;TischBESPRECHUNG_Masse;T1_TI;1600
WPBT2ZWIN;TischBESPRECHUNG_Platte;ECK_GEO;PRD1
WPBT2ZWIN;TischBESPRECHUNG_Sonstiges;TPL_GEO;RE
WPBT4ANFB;TischBESPRECHUNG_Masse;B1_TI;1600
WPBT4ANFB;TischBESPRECHUNG_Masse;B1_TI;1800
WPBT4ANFB;TischBESPRECHUNG_Masse;B1_TI;2000
WPBT4ANFB;TischBESPRECHUNG_Masse;T1_TI;1400
WPBT4ANFB;TischBESPRECHUNG_Masse;T1_TI;1600
WPBT4ANFN;TischBESPRECHUNG_Masse;B1_TI;1600
WPBT4ANFN;TischBESPRECHUNG_Masse;B1_TI;1800
WPBT4ANFN;TischBESPRECHUNG_Masse;B1_TI;2000
WPBT4ANFN;TischBESPRECHUNG_Masse;T1_TI;1400
WPBT4ANFN;TischBESPRECHUNG_Masse;T1_TI;1600
WPBT4ANFN;TischBESPRECHUNG_Sonstiges;LIEFERUNG;LF1
WPBT4B;TischBESPRECHUNG_Masse;B1_TI;2400
WPBT4B;TischBESPRECHUNG_Masse;B1_TI;2800
WPBT4B;TischBESPRECHUNG_Masse;T1_TI;1400
WPBT4B;TischBESPRECHUNG_Masse;T1_TI;1600
WPBT4B;TischBESPRECHUNG_Sonstiges;LIEFERUNG;LF1
WPBT4N;TischBESPRECHUNG_Masse;B1_TI;2200
WPBT4N;TischBESPRECHUNG_Masse;B1_TI;2400
WPBT4N;TischBESPRECHUNG_Masse;B1_TI;2800
WPBT4N;TischBESPRECHUNG_Masse;T1_TI;1400
WPBT4N;TischBESPRECHUNG_Masse;T1_TI;1600
WPBT4N;TischBESPRECHUNG_Sonstiges;LIEFERUNG;LF1
WPBTANFB;TischBESPRECHUNG_Masse;B1_TI;1600
WPBTANFB;TischBESPRECHUNG_Masse;B1_TI;1800
WPBTANFB;TischBESPRECHUNG_Masse;B1_TI;2000
WPBTANFB;TischBESPRECHUNG_Masse;T1_TI;1200
WPBTANFB;TischBESPRECHUNG_Sonstiges;LIEFERUNG;LF1
WPBTANFN;TischBESPRECHUNG_Masse;B1_TI;1600
WPBTANFN;TischBESPRECHUNG_Masse;B1_TI;1800
WPBTANFN;TischBESPRECHUNG_Masse;B1_TI;2000
WPBTANFN;TischBESPRECHUNG_Masse;T1_TI;1000
WPBTANFN;TischBESPRECHUNG_Masse;T1_TI;1200
WPBTANFN;TischBESPRECHUNG_Masse;T1_TI;800
WPBTANFN;TischBESPRECHUNG_Sonstiges;LIEFERUNG;LF1
WPBTANFT;TischBESPRECHUNG_Masse;B1_TI;1600
WPBTANFT;TischBESPRECHUNG_Masse;B1_TI;1800
WPBTANFT;TischBESPRECHUNG_Masse;B1_TI;2000
WPBTANFT;TischBESPRECHUNG_Masse;T1_TI;1200
WPBTANFT;TischBESPRECHUNG_Sonstiges;LIEFERUNG;LF1
WPBTB;TischBESPRECHUNG_Elektro;PRODUKTTYP;KTISCH
WPBTB;TischBESPRECHUNG_Masse;B1_TI;1800
WPBTB;TischBESPRECHUNG_Masse;B1_TI;2000
WPBTB;TischBESPRECHUNG_Masse;B1_TI;2400
WPBTB;TischBESPRECHUNG_Masse;T1_TI;1000
WPBTB;TischBESPRECHUNG_Masse;T1_TI;1200
WPBTB;TischBESPRECHUNG_Sonstiges;TPL_GEO;BF
WPBTENDB;TischBESPRECHUNG_Masse;B1_TI;1600
WPBTENDB;TischBESPRECHUNG_Masse;B1_TI;1800
WPBTENDB;TischBESPRECHUNG_Masse;B1_TI;2000
WPBTENDB;TischBESPRECHUNG_Masse;T1_TI;1200
WPBTENDB;TischBESPRECHUNG_Sonstiges;LIEFERUNG;LF1
WPBTENDN;TischBESPRECHUNG_Masse;B1_TI;1600
WPBTENDN;TischBESPRECHUNG_Masse;B1_TI;1800
WPBTENDN;TischBESPRECHUNG_Masse;B1_TI;2000
WPBTENDN;TischBESPRECHUNG_Masse;T1_TI;1000
WPBTENDN;TischBESPRECHUNG_Masse;T1_TI;1200
WPBTENDN;TischBESPRECHUNG_Masse;T1_TI;800
WPBTENDN;TischBESPRECHUNG_Sonstiges;LIEFERUNG;LF1
WPBTENDT;TischBESPRECHUNG_Masse;B1_TI;1600
WPBTENDT;TischBESPRECHUNG_Masse;B1_TI;1800
WPBTENDT;TischBESPRECHUNG_Masse;B1_TI;2000
WPBTENDT;TischBESPRECHUNG_Masse;T1_TI;1200
WPBTENDT;TischBESPRECHUNG_Sonstiges;LIEFERUNG;LF1
WPBTHB;TischBESPRECHUNG_Masse;B1_TI;1600
WPBTHB;TischBESPRECHUNG_Masse;B1_TI;1800
WPBTHB;TischBESPRECHUNG_Masse;B1_TI;2000
WPBTHB;TischBESPRECHUNG_Masse;B1_TI;2200
WPBTHB;TischBESPRECHUNG_Masse;B1_TI;2400
WPBTHB;TischBESPRECHUNG_Masse;T1_TI;1200
WPBTN;TischBESPRECHUNG_Elektro;PRODUKTTYP;KTISCH
WPBTN;TischBESPRECHUNG_Masse;B1_TI;1200
WPBTN;TischBESPRECHUNG_Masse;B1_TI;1400
WPBTN;TischBESPRECHUNG_Masse;B1_TI;1600
WPBTN;TischBESPRECHUNG_Masse;B1_TI;1800
WPBTN;TischBESPRECHUNG_Masse;B1_TI;2000
WPBTN;TischBESPRECHUNG_Masse;B1_TI;2200
WPBTN;TischBESPRECHUNG_Masse;B1_TI;2400
WPBTN;TischBESPRECHUNG_Masse;T1_TI;1000
WPBTN;TischBESPRECHUNG_Masse;T1_TI;1200
WPBTN;TischBESPRECHUNG_Masse;T1_TI;700
WPBTN;TischBESPRECHUNG_Masse;T1_TI;800
WPBTN;TischBESPRECHUNG_Sonstiges;TPL_GEO;RE
WPBTO;TischBESPRECHUNG_Elektro;PRODUKTTYP;KTISCH
WPBTO;TischBESPRECHUNG_Masse;B1_TI;1800
WPBTO;TischBESPRECHUNG_Masse;B1_TI;2100
WPBTO;TischBESPRECHUNG_Masse;T1_TI;1050
WPBTO;TischBESPRECHUNG_Masse;T1_TI;1100
WPBTO;TischBESPRECHUNG_Sonstiges;TPL_GEO;EL
WPBTS;TischBESPRECHUNG_Masse;B1_TI;1600
WPBTS;TischBESPRECHUNG_Masse;B1_TI;1800
WPBTS;TischBESPRECHUNG_Masse;B1_TI;2000
WPBTS;TischBESPRECHUNG_Masse;B1_TI;2200
WPBTS;TischBESPRECHUNG_Masse;B1_TI;2400
WPBTS;TischBESPRECHUNG_Masse;T1_TI;800
WPBTS;TischBESPRECHUNG_Platte;ECK_GEO;PRD2
WPBTS;TischBESPRECHUNG_Sonstiges;TPL_GEO;RE_BOG_R
WPBTT;TischBESPRECHUNG_Masse;B1_TI;1600
WPBTT;TischBESPRECHUNG_Masse;B1_TI;1800
WPBTT;TischBESPRECHUNG_Masse;B1_TI;2000
WPBTT;TischBESPRECHUNG_Masse;B1_TI;2200
WPBTT;TischBESPRECHUNG_Masse;B1_TI;2400
WPBTT;TischBESPRECHUNG_Masse;T1_TI;1200
WPBTZWIN;TischBESPRECHUNG_Masse;B1_TI;1600
WPBTZWIN;TischBESPRECHUNG_Masse;T1_TI;1000
WPBTZWIN;TischBESPRECHUNG_Masse;T1_TI;1200
WPBTZWIN;TischBESPRECHUNG_Masse;T1_TI;800
WPBTZWIN;TischBESPRECHUNG_Platte;ECK_GEO;PRD1
WPBTZWIN;TischBESPRECHUNG_Sonstiges;LIEFERUNG;LF1
WPBTZWIN;TischBESPRECHUNG_Sonstiges;TPL_GEO;RE
WPKLEMFBH;ZZ_FLACHBILDSCHIRMH_ZUBEHOER;KLEMMADAPTER;KA25
WPKOLLSENSOR;ZUBEHOER_A;PRODUKTTYP;ZUBEHÖR
WPKPS;ZZ_AS_PLATTE_STAFFEL;PRODUKTTYP;BTISCH
WPKTS;TischSTAFFEL_Elektro;PL_KONSOLE;KON2
WPKTS;TischSTAFFEL_Sonstiges;PRODUKTTYP;BTISCH
WPKWT;KABELWANNE135_A;PRODUKTTYP;ZUBEHÖR
WPMKWDB;KABELWANNE135_Bench;PRODUKTTYP;ZUBEHÖR
WPPABESABOG;ZZ_PLATTEN_ANBAU135_B;B1_TI;500
WPPABESABOG;ZZ_PLATTEN_ANBAU135_B;T1_TI;802
WPPABESN;ZZ_PLATTEN_ANBAU135_B;B1_TI;500
WPPABESN;ZZ_PLATTEN_ANBAU135_B;T1_TI;802
WPPABREGS;ZZ_PLATTEN_ANBAU135_B;ANB_TI_RETURN;TT1
WPPABREGS;ZZ_PLATTEN_ANBAU135_B;B1_TI;400
WPPABREGS;ZZ_PLATTEN_ANBAU135_B;T1_TI;802
WPPATS135RD;ZZ_PLATTEN_ANBAU135_C;B1_TI;802
WPPATS135RD;ZZ_PLATTEN_ANBAU135_C;T1_TI;1482
WPPATS34RD;ZZ_PLATTEN_ANBAU135_C;B1_TI;1391
WPPATS34RD;ZZ_PLATTEN_ANBAU135_C;T1_TI;1391
WPPATSANSRD;ZZ_PLATTEN_ANBAU135_C;B1_TI;1046
WPPATSANSRD;ZZ_PLATTEN_ANBAU135_C;T1_TI;1200
WPPATSDABOG;ZZ_PLATTEN_ANBAU135_C;B1_TI;600
WPPATSDABOG;ZZ_PLATTEN_ANBAU135_C;T1_TI;1629
WPPATSDABOG;ZZ_PLATTEN_ANBAU135_C;TISCHTYP_WP;WPAPTDB
WPPATSDABOG;ZZ_PLATTEN_ANBAU135_C;TISCHTYP_WP;WPAPTFR
WPPATSDABOG;ZZ_PLATTEN_ANBAU135_C;TISCHTYP_WP;WPAPTN
WPPATSRDBOG;ZZ_PLATTEN_ANBAU135_C;B1_TI;802
WPPATSRDBOG;ZZ_PLATTEN_ANBAU135_C;T1_TI;1203
WPPLTKON;ZZ_AS_KONSOLE135_A;TISCHTYP_WP;WPAPTDB
WPPLTKON;ZZ_AS_KONSOLE135_A;TISCHTYP_WP;WPAPTFR
WPPLTKON;ZZ_AS_KONSOLE135_A;TISCHTYP_WP;WPAPTN
WPPLTKON;ZZ_AS_KONSOLE135_A;TISCHTYP_WP;WPAPTRA
WPPLTKON;ZZ_AS_KONSOLE135_A;TISCHTYP_WP;WPBTB
WPPLTKON;ZZ_AS_KONSOLE135_A;TISCHTYP_WP;WPBTN
WPPLTKON;ZZ_AS_KONSOLE135_A;TISCHTYP_WP;WPBTO
WPPLTKON;ZZ_AS_KONSOLE135_A;TISCHTYP_WP;WPKTS
WPPLTKONABT;ZZ_AS_KONSOLE135_A;TISCHTYP_WP;WPBTB
WPPLTKONABT;ZZ_AS_KONSOLE135_A;TISCHTYP_WP;WPBTO
WPPLTKONMFR;ZZ_AS_KONSOLE135_A;PLATTENSTAERKE;19MM
WPPLTKONMFR;ZZ_AS_KONSOLE135_A;PLATTENSTAERKE;25MM
WPSMARTCON;ZUBEHOER_A;PRODUKTTYP;ZUBEHÖR
WPTZCPULI;ZUBEHOER135_A;PRODUKTTYP;ZUBEHÖR
WPTZCPURLW;ROLLWAGEN_A;PRODUKTTYP;ZUBEHÖR
WPTZDBGSBL;BLENDEDB135_A;PRODUKTTYP;SBLENDE
WPTZDBGSBL;BLENDEDB135_A;T1_TI;1480
WPTZDBGSBL;BLENDEDB135_A;T1_TI;1680
WPTZDBGSBL;BLENDEDB135_A;T1_TI;1880
WPTZDBSBL;BLENDEDB135_A;PRODUKTTYP;SBLENDE
WPTZDBSBL;BLENDEDB135_A;T1_TI;1480
WPTZDBSBL;BLENDEDB135_A;T1_TI;1680
WPTZDBSBL;BLENDEDB135_A;T1_TI;1880
WPTZDBSW;BLENDEDB135_A;T1_TI;1480
WPTZDBSW;BLENDEDB135_A;T1_TI;1680
WPTZDBSW;BLENDEDB135_A;T1_TI;1880
WPTZEARE;ZUBEHOER135_D;PRODUKTTYP;ZUBEHÖR
WPTZHKK;ZUBEHOER999_A;PRODUKTTYP;ZUBEHÖR
WPTZKAKLA;ZUBEHOER_A;PRODUKTTYP;ZUBEHÖR
WPTZKBLKK;ZUBEHOER135_A;PRODUKTTYP;ZUBEHÖR
WPTZKKDBZW;ZUBEHOER999_A;PRODUKTTYP;ZUBEHÖR
WPTZKKFKW;ZUBEHOER999_A;PRODUKTTYP;ZUBEHÖR
WPTZKKFPL;ZUBEHOER999_A;PRODUKTTYP;ZUBEHÖR
WPTZKKMK;ZUBEHOER999_A;PRODUKTTYP;ZUBEHÖR
WPTZKKMKW;ZUBEHOER999_A;PRODUKTTYP;ZUBEHÖR
WPTZKKMPL;ZUBEHOER999_A;PRODUKTTYP;ZUBEHÖR
WPTZPSDA;ZZ_AS_PLATTE_DRUCKER;B1;600
WPTZPSDA;ZZ_AS_PLATTE_DRUCKER;T1;370
WPTZROLFMS;ZUBEHOER135_A;F8;KS
WPTZROLFMS;ZUBEHOER135_A;F8;WI
WPTZRWBLD;RUECKWAND_NORMAL;PRODUKTTYP;LOCH_RÜCKW
WPTZRWBLDS;RUECKWAND_STAFFEL;PRODUKTTYP;LOCH_RÜCKW
WPTZSDAP;DRUCKER135_A;B1;600
WPTZSDAP;DRUCKER135_A;PRODUKTTYP;ZUBEHÖR
WPTZSDAP;DRUCKER135_A;T1;370
WPTZSMPC;ZUBEHOER135_A;MODELL;WP
WPTZSMPC;ZUBEHOER135_A;PRODUKTTYP;ZUBEHÖR
WPTZTBOX;ZUBEHOER999_A;F8;KS
WPTZTBOX;ZUBEHOER999_A;F8;WI
WPTZTBOX;ZUBEHOER999_A;PRODUKTTYP;ZUBEHÖR
WPTZTBOXBE;ZUBEHOER999_A;F8;GU
WPTZTBOXBE;ZUBEHOER999_A;F8;KS
WPTZTBOXBE;ZUBEHOER999_A;PRODUKTTYP;ZUBEHÖR
WPTZTNSW;BLENDEDB135_A;T1_TI;800
WPTZTNSW;BLENDEDB135_A;T1_TI;900
WPTZUBS;ZUBEHOER999_A;F8;KS
WPTZUBS;ZUBEHOER999_A;F8;WI
WPTZUBS;ZUBEHOER999_A;PRODUKTTYP;ZUBEHÖR
WPVGHA;ZZ_AS_GESTELL_BESPRECHUNG;B1_TI;2000
WPVGHA;ZZ_AS_GESTELL_BESPRECHUNG;T1_TI;1000
WPVGR;ZZ_AS_GESTELL_BESPRECHUNG;B1_TI;2000
WPVGR;ZZ_AS_GESTELL_BESPRECHUNG;T1_TI;1000
WPVPHA;ZZ_AS_PLATTE_BESPRECHUNG;B1_TI;2000
WPVPHA;ZZ_AS_PLATTE_BESPRECHUNG;T1_TI;1000
WPVPR;ZZ_AS_PLATTE_BESPRECHUNG;B1_TI;2000
WPVPR;ZZ_AS_PLATTE_BESPRECHUNG;T1_TI;1000
WPVTHA;TischBESPRECHUNG_Masse;B1_TI;2000
WPVTHA;TischBESPRECHUNG_Masse;T1_TI;1000
WPVTR;TischBESPRECHUNG_Masse;B1_TI;2000
WPVTR;TischBESPRECHUNG_Masse;T1_TI;1000
WPZEKK;ELEKTRO_A;PRODUKTTYP;ZUBEHÖR
WPZESDK53Z;ZUBEHOER_A_GEST;PRODUKTTYP;ZUBEHÖR
WPZESZ;ELEKTRO_B;PRODUKTTYP;ZUBEHÖR
WPZESZMOD;ELEKTRO_B;PRODUKTTYP;ZUBEHÖR
WPZEVT;ELEKTRO_D;PRODUKTTYP;ZUBEHÖR
