7;de;1;/;TALO.YOU - ANBAUELEMENT BOGENFORM 500 mm breit
7;en;1;/;TALO.YOU - EXTENSION ELEMENT ARCH SHAPE 500 mm wide
7;fr;1;/;TALO.YOU - ÉLÉMENT RAPPORTÉ DE FORME L’ARCHE 500 mm large
7;nl;1;/;TALO.YOU - AANBOUWELEMENT BOOGVORM 500 mm breed
88;de;1;/;TALO.YOU - ANBAUELEMENT RECHTECKFORM 500 mm breit
88;en;1;/;TALO.YOU - EXTENSION ELEMENT RECTANGULAR SHAPE 500 mm wide
88;fr;1;/;TALO.YOU - ÉLÉMENT RAPPORTÉ DE FORME RECTANGULAIRE 500 mm large
88;nl;1;/;TALO.YOU - AANBOUWELEMENT RECHTHOEKIGE VORM 500 mm breed
89;de;1;/;TALO.YOU - ABSTANDSHALTER
89;en;1;/;TALO.YOU - SPACER
89;fr;1;/;TALO.YOU - ENTRETOISE
89;nl;1;/;TALO.YOU - AFSTANDHOUDER
96;de;1;/;TALO.YOU - ABDECKKAPPE F.KONSOLE ADAPTER/BESUCHERS.
96;en;1;/;TALO.YOU - CAP F.CONSOLE ADAPTER/VISITORS SIDE
96;fr;1;/;TALO.YOU - COUVERCLE P.CONSOLE ADAPTATEUR/FACE VISITEUR
96;nl;1;/;TALO.YOU - AFDEKKAP V.CONSOLE ADAPTER/BEZOEKERKANT
97;de;1;/;TALO.YOU - ABDECKKAPPE F.KONSOLE NUTZERSEITE
97;en;1;/;TALO.YOU - CAP F.CONSOLE USER SIDE
97;fr;1;/;TALO.YOU - COUVERCLE P.CONSOLE FACE USAGER
97;nl;1;/;TALO.YOU - AFDEKKAP V.CONSOLE BRUIKERKANT
98;de;1;/;TALO.YOU - REGALANBAUELEMENT 400x800 mm
98;en;1;/;TALO.YOU - SHELF EXTENSION ELEMENT 400x800 mm
98;fr;1;/;TALO.YOU - ÉLÉMENT RAPPORTÉ DE RAYONNAGE 400x800 mm
98;nl;1;/;TALO.YOU - OPEN KAST AANBOUWELEMENT 400x800 mm
100;de;1;/;TALO.YOU - ABDECKUNG F.ADAPTER
100;en;1;/;TALO.YOU - COVER F.ADAPTER
100;fr;1;/;TALO.YOU - CACHE P.ADAPTATEUR
100;nl;1;/;TALO.YOU - AFDEKKING V.ADAPTER
102;de;1;/;TALO.YOU - DECKEL F. ADAPTERAUSCHNITT
102;en;1;/;TALO.YOU - CAP F.CUT-OUT F. ADAPTER
102;fr;1;/;TALO.YOU - COUVERCLE P. DÉCOUPE P. ADAPTATEUR
102;nl;1;/;TALO.YOU - KAP F.ADAPTERUITSPARING
104;de;1;/;TALO.YOU - KABELKLAMMER F. ADAPTER
104;en;1;/;TALO.YOU - CABLE CLIP F.ADAPTER
104;fr;1;/;TALO.YOU - PINCE P.ADAPTATEUR
104;nl;1;/;TALO.YOU - KABELKLEM V.ADAPTER
105;de;1;/;TALO.YOU - RAHMEN F. ADAPTERAUSCHNITT
105;en;1;/;TALO.YOU - FRAME F.CUT-OUT F. ADAPTER
105;fr;1;/;TALO.YOU - CADRE P. DÉCOUPE P. ADAPTATEUR
105;nl;1;/;TALO.YOU - FRAME F.ADAPTERUITSPARING
106;de;1;/;TALO.YOU - GESTELL BERATERTISCH ECKFORM
106;en;1;/;TALO.YOU - FRAME CONSULTANT TABLE, CORNER DESK
106;fr;1;/;TALO.YOU - PIÉTEMENT TABLE CONSEILLER, FORME ANGULEUSE
106;nl;1;/;TALO.YOU - FRAME CONSULENTTAFEL, HOEKVORM
365;de;1;/;TALO.YOU - GESTELL BERATERTISCH FREIFORM
365;en;1;/;TALO.YOU - FRAME CONSULTANT TABLE, FREEFORM
365;fr;1;/;TALO.YOU - PIÉTEMENT TABLE CONSEILLER, FORME LIBRE
365;nl;1;/;TALO.YOU - FRAME CONSULENTTAFEL, VRIJVORM
366;de;1;/;TALO.YOU - GESTELL DOPPELBENCH
366;en;1;/;TALO.YOU - FRAME DOUBLE BENCH
366;fr;1;/;TALO.YOU - PIÉTEMENT BENCH DOUBLE
366;nl;1;/;TALO.YOU - FRAME DUBBLE BENCH
451;de;1;/;TALO.YOU - GESTELL SCHREIBTISCH FREIFORM
451;en;1;/;TALO.YOU - FRAME DESK FREEFORM
451;fr;1;/;TALO.YOU - PIÉTEMENT TABLE FORME LIBRE
451;nl;1;/;TALO.YOU - FRAME TAFEL VRIJVORM
482;de;1;/;TALO.YOU - GESTELL SCHREIBTI. RECHTECKFORM
482;en;1;/;TALO.YOU - FRAME DESK, RECTANGULAR FORM
482;fr;1;/;TALO.YOU - PIÈTEMENT TABLE DE BUREAU, FORME RECTANGULAIRE
482;nl;1;/;TALO.YOU - FRAME TAFEL, RECHTHOEKVORM
524;de;1;/;TALO.YOU - GESTELL ANBAU/RETURNTISCH
524;en;1;/;TALO.YOU - FRAME EXTENSION/RETURN DESK
524;fr;1;/;TALO.YOU - PIÉTEMENT TABLE JUXTAPOSABLE/TABLE DE RETOUR
524;nl;1;/;TALO.YOU - FRAME AANBOUW/RETURNTAFEL
528;de;1;/;TALO.YOU - PLATTE BERATERTISCH ECKFORM
528;en;1;/;TALO.YOU - TOP CONSULTANT TABLE, CORNER DESK
528;fr;1;/;TALO.YOU - PLATEAU TABLE CONSEILLER, FORME ANGULEUSE
528;nl;1;/;TALO.YOU - BLAD CONSULENTTAFEL, HOEKVORM
551;de;1;/;TALO.YOU - PLATTE BERATERTISCH FREIFORM
551;en;1;/;TALO.YOU - TOP CONSULTANT TABLE, FREEFORM
551;fr;1;/;TALO.YOU - PLATEAU TABLE CONSEILLER, FORME LIBRE
551;nl;1;/;TALO.YOU - BLAD CONSULENTTAFEL, VRIJVORM
552;de;1;/;TALO.YOU - PLATTE DOPPELBENCH
552;en;1;/;TALO.YOU - TOP DOUBLE BENCH
552;fr;1;/;TALO.YOU - PLATEAU BENCH DOUBLE
552;nl;1;/;TALO.YOU - BLAD DUBBLE BENCH
593;de;1;/;TALO.YOU - PLATTE SCHREIBTISCH FREIFORM
593;en;1;/;TALO.YOU - TOP DESK FREEFORM
593;fr;1;/;TALO.YOU - PLATEAU TABLE FORME LIBRE
593;nl;1;/;TALO.YOU - BLAD TAFEL VRIJVORM
597;de;1;/;TALO.YOU - PLATTE SCHREIBTI. RECHTECKFORM
597;en;1;/;TALO.YOU - TOP DESK, RECTANGULAR FORM
597;fr;1;/;TALO.YOU - PLATEAU TABLE DE BUREAU, FORME RECTANGULAIRE
597;nl;1;/;TALO.YOU - BLAD TAFEL, RECHTHOEKVORM
603;de;1;/;TALO.YOU - PLATTE ANBAU/RETURNTISCH
603;en;1;/;TALO.YOU - TOP EXTENSION/RETURN DESK
603;fr;1;/;TALO.YOU - PLATEAU TABLE JUXTAPOSABLE/TABLE DE RETOUR
603;nl;1;/;TALO.YOU - BLAD AANBOUW/RETURNTAFEL
604;de;1;/;TALO.YOU - BERATERTISCH, ECKFORM
604;en;1;/;TALO.YOU - CONSULTANT TABLE, CORNER DESK
604;fr;1;/;TALO.YOU - TABLE CONSEILLER, FORME ANGULEUSE
604;nl;1;/;TALO.YOU - CONSULENTTAFEL, HOEKVORM
657;de;1;/;TALO.YOU - BERATERTISCH, FREIFORM
657;en;1;/;TALO.YOU - CONSULTANT TABLE, FREEFORM
657;fr;1;/;TALO.YOU - TABLE CONSEILLER, FORME LIBRE
657;nl;1;/;TALO.YOU - CONSULENTTAFEL, VRIJVORM
659;de;1;/;TALO.YOU - DOPPELBENCH
659;en;1;/;TALO.YOU - DOUBLE BENCH
659;fr;1;/;TALO.YOU - BENCH DOUBLE
659;nl;1;/;TALO.YOU - DUBBEL-BENCH
671;de;1;/;TALO.YOU - SCHREIBTISCH, FREIFORM
671;en;1;/;TALO.YOU - DESK, FREEFORM
671;fr;1;/;TALO.YOU - TABLE, FORME LIBRE
671;nl;1;/;TALO.YOU - TAFEL, VRIJVORM
692;de;1;/;TALO.YOU - SCHREIBTISCH, RECHTECKFORM
692;en;1;/;TALO.YOU - DESK, RECTANGULAR FORM
692;fr;1;/;TALO.YOU - TABLE DE BUREAU, FORME RECTANGULAIRE
692;nl;1;/;TALO.YOU - BASISTAFEL, RECHTHOEKVORM
694;de;1;/;TALO.YOU - ANBAU/RETURNTISCH
694;en;1;/;TALO.YOU - EXTENSION/RETURN DESK
694;fr;1;/;TALO.YOU - TABLE JUXTAPOSABLE/TABLE DE RETOUR
694;nl;1;/;TALO.YOU - AANBOUW/RETURNTAFEL
696;de;1;/;TALO.YOU - ANBAURAHMEN F.ANBAUELEMENT/-TISCH
696;en;1;/;TALO.YOU - EXTENSION FRAME F. EXTENSION ELEMENT/-DESK
696;fr;1;/;TALO.YOU - CADRE POUR ÉLÉMENT RAPPORTÉ
696;nl;1;/;TALO.YOU - AANBUOWFRAME V. AANBOUWELEMENT/-TAFEL
709;de;1;/;TALO.YOU - ANBAUTISCH 135°-KREIS
709;en;1;/;TALO.YOU - EXTENSION DESK 135°-CIRCLE
709;fr;1;/;TALO.YOU - TABLE JUXTAPOSABLE 135° CERCLE
709;nl;1;/;TALO.YOU - AANBOUWTAFEL 135° CIRKEL
721;de;1;/;TALO.YOU - ANBAUTISCH 3/4-KREIS
721;en;1;/;TALO.YOU - EXTENSION DESK 3/4-CIRCLE
721;fr;1;/;TALO.YOU - TABLE JUXTAPOSABLE 3/4-CERCLE
721;nl;1;/;TALO.YOU - AANBOUWTAFEL 3/4-CIRKEL
722;de;1;/;TALO.YOU - ANBAUTISCH RUND M.ANSCHNITTKANTE
722;en;1;/;TALO.YOU - EXTENSION DESK ROUND WITH STRAIGHT EDGE
722;fr;1;/;TALO.YOU - TABLE JUXTAPOSABLE ROND AVEC BORD CHANFREINÉ
722;nl;1;/;TALO.YOU - AANBOUWTAFEL ROND MET AVGEFLAKTE ZIJDE
723;de;1;/;TALO.YOU - ANBAUTISCH,DOPPELARBEITSPLATZ BOGENFORM 600 mm breit
723;en;1;/;TALO.YOU - EXTENSION DESK BACK TO BACK WORKSTATION ARCH SHAPE 600 mm wide
723;fr;1;/;TALO.YOU - TABLE JUXTAPOSABLE POSTE DE TRAVAIL DOUBLE FORME L’ARCHE 600 mm large
723;nl;1;/;TALO.YOU - AANBOUWTAFEL DUBBELE WERKPLEK BOOGVORM 600 mm breed
736;de;1;/;TALO.YOU - ANBAUTISCH RUNDBOGEN 800 mm breit
736;en;1;/;TALO.YOU - EXTENSION DESK ROUND ARCH 800 mm wide
736;fr;1;/;TALO.YOU - TABLE JUXTAPOSABLE ARCHE RONDE 800 mm large
736;nl;1;/;TALO.YOU - AANBOUWTAFEL RONDE BOOG 800 mm breed
737;de;1;/;TALO.YOU - AUFLAGE F.PERSONAL BOX
737;en;1;/;TALO.YOU - OVERLAY F.PERSONAL BOX
737;fr;1;/;TALO.YOU - REVÊTEMENT P.PERSONAL BOX
737;nl;1;/;TALO.YOU - OPLEGGER V.PERSONAL BOX
869;de;1;/;TALO.YOU - AUFNAHME ORGSCH. F.FLACHBILDSCHIRMHALTER
869;en;1;/;TALO.YOU - RCEPTION ORGANIZER RAIL FOR FLAT SCREEN HOLDER
869;fr;1;/;TALO.YOU - RÈCEPTION RAIL D'OEGANISATION POUR SUPPORT POUR ÉCRAN PLAT
869;nl;1;/;TALO.YOU - OPNEMING ORGANISATIERAIL VOOR FLATSCREEN BEELDSCHERMHOUDER
873;de;1;/;TALO.YOU - BODEN F.ANBAUREGAL 400x800 mm
873;en;1;/;TALO.YOU - FLOOR FOR SHELF EXTENSION ELEMENT 400x800 mm
873;fr;1;/;TALO.YOU - FOND P. ÉLÉMENT RAPPORTÉ DE RAYONNAGE 400x800 mm
873;nl;1;/;TALO.YOU - GROND V. OPEN KAST AANBOUWELEMENT 400x800 mm
874;de;1;/;TALO.YOU - BEFESTIGUNG F.PERSONAL BOX
874;en;1;/;TALO.YOU - FIXING F.PERSONAL BOX
874;fr;1;/;TALO.YOU - FIXATION P.PERSONAL BOX
874;nl;1;/;TALO.YOU - BEVESTIGING V.PERSONAL BOX
880;de;1;/;TALO.YOU - 2 VERBINDER FUER TISCHPLATTEN
880;en;1;/;TALO.YOU - 2 TALO.YOU - 2 LINKS FOR TOPS
880;fr;1;/;TALO.YOU - 2 CONNECTEURS POUR PLATEAUX
880;nl;1;/;TALO.YOU - 2 SCHAKEL VOOR BLADEN
881;de;1;/;TALO.YOU - GESTELL ENDELEMENT BOOTSFORM 4-FUSS
881;en;1;/;TALO.YOU - FRAME END ELEMENT BOAT-SHAPED 4-FOOT
881;fr;1;/;TALO.YOU - PIÉTEMENT ÉLÉMENT FINAL FORME BATEAU 4 PIEDS
881;nl;1;/;TALO.YOU - FRAME EINDELEMENT TONVORM 4-POOT
905;de;1;/;TALO.YOU - GESTELL BESPRECHUNGSTISCH RECHTECKFORM 4-FUSS
905;en;1;/;TALO.YOU - FRAME MEETING TABLE RECTANGULAR FORM 4-FOOT
905;fr;1;/;TALO.YOU - PIÉTEMENT TABLE DE RÉUNION FORME RECTANGULAIRE 4 PIEDS
905;nl;1;/;TALO.YOU - FRAME VERGADERTAFEL RECHTHOEKVORM 4-POOT
906;de;1;/;TALO.YOU - GESTELL ZWISCHENELEMENT RECHTECKFORM 4-FUSS
906;en;1;/;TALO.YOU - FRAME INTERMEDIATE ELEMENT RECTANGULAR FORM 4-FOOT
906;fr;1;/;TALO.YOU - PIÉTEMENT ELÉMENT INTERMÉDIAIRE FORME RECTANGULAIRE 4 PIEDS
906;nl;1;/;TALO.YOU - FRAME TUSSENELEMENT RECHTHOEKVORM 4-POOT
907;de;1;/;TALO.YOU - GESTELL ANFANGSELEMENT BOOTSFORM 4-FUSS
907;en;1;/;TALO.YOU - FRAME STARTER ELEMENT BOAT-SHAPED 4-FOOT
907;fr;1;/;TALO.YOU - PIÉTEMENT ÉLÉMENT DE DÉPART FORME BATEAU 4 PIEDS
907;nl;1;/;TALO.YOU - FRAME BEGINELEMENT TONVORM 4-POOT
908;de;1;/;TALO.YOU - GESTELL ANFANGSELEMENT RECHTECKFORM 4-FUSS
908;en;1;/;TALO.YOU - FRAME STARTER ELEMENT RECTANGULAR FORM 4-FOOT
908;fr;1;/;TALO.YOU - PIÉTEMENT ÉLÉMENT DE DÉPART FORME RECTANGULAIRE 4 PIEDS
908;nl;1;/;TALO.YOU - FRAME BEGINELEMENT RECHTHOEKVORM 4-POOT
909;de;1;/;TALO.YOU - GESTELL BESPRECHUNGSTISCH BOOTSFORM 4-FUSS
909;en;1;/;TALO.YOU - FRAME MEETING TABLE BOAT-SHAPED 4-FOOT
909;fr;1;/;TALO.YOU - PIÉTEMENT TABLE DE RÉUNION FORME BATEAU 4 PIEDS
909;nl;1;/;TALO.YOU - FRAME VERGADERTAFEL TONVORM 4-POOT
914;de;1;/;TALO.YOU - GESTELL BESPRECHUNGSTISCH RECHTECKFORM 4-FUSS
914;en;1;/;TALO.YOU - FRAME MEETING TABLE RECTANGULAR FORM 4-FOOT
914;fr;1;/;TALO.YOU - PIÉTEMENT TABLE DE RÉUNION FORME RECTANGULAIRE 4 PIEDS
914;nl;1;/;TALO.YOU - FRAME VERGADERTAFEL RECHTHOEKVORM 4-POOT
917;de;1;/;TALO.YOU - GESTELL ANFANGSELEMENT BOOTSFORM
917;en;1;/;TALO.YOU - FRAME STARTER ELEMENT BOAT-SHAPED
917;fr;1;/;TALO.YOU - PIÉTEMENT ÉLÉMENT DE DÉPART FORME BATEAU
917;nl;1;/;TALO.YOU - FRAME BEGINELEMENT TONVORM
921;de;1;/;TALO.YOU - GESTELL ANFANGSELEMENT RECHTECKFORM
921;en;1;/;TALO.YOU - FRAME STARTER ELEMENT RECTANGULAR FORM
921;fr;1;/;TALO.YOU - PIÉTEMENT ÉLÉMENT DE DÉPART FORME RECTANGULAIRE
921;nl;1;/;TALO.YOU - FRAME BEGINELEMENT RECHTHOEKVORM
923;de;1;/;TALO.YOU - GESTELL ANFANGSELEMENT TRAPEZFORM
923;en;1;/;TALO.YOU - FRAME STARTER ELEMENT TRAPEZOIDAL FORM
923;fr;1;/;TALO.YOU - PIÉTEMENT ÉLÉMENT DE DÉPART FORME TRAPÉZOÏDALE
923;nl;1;/;TALO.YOU - FRAME BEGINELEMENT TRAPEZIUMVORM
924;de;1;/;TALO.YOU - GESTELL BESPR.TISCH BOOTSFORM
924;en;1;/;TALO.YOU - FRAME MEETING TABLE, BOAT-SHAPED
924;fr;1;/;TALO.YOU - PIÉTEMENT TABLE DE RÉUNION, FORME BATEAU
924;nl;1;/;TALO.YOU - FRAME VERGADERTAFEL, TONVORM
944;de;1;/;TALO.YOU - GESTELL ENDELEMENT BOOTSFORM
944;en;1;/;TALO.YOU - FRAME END ELEMENT BOAT-SHAPED
944;fr;1;/;TALO.YOU - PIÉTEMENT ÉLÉMENT FINAL FORME BATEAU
944;nl;1;/;TALO.YOU - FRAME EINDELEMENT TONVORM
945;de;1;/;TALO.YOU - GESTELL ENDELEMENT RECHTECKFORM
945;en;1;/;TALO.YOU - FRAME END ELEMENT RECTANGULAR FORM
945;fr;1;/;TALO.YOU - PIÉTEMENT ÉLÉMENT FINAL FORME RECTANGULAIRE
945;nl;1;/;TALO.YOU - FRAME EINDELEMENT RECHTHOEKVORM
946;de;1;/;TALO.YOU - GESTELL ENDELEMENT TRAPEZFORM
946;en;1;/;TALO.YOU - FRAME END ELEMENT TRAPEZOIDAL FORM
946;fr;1;/;TALO.YOU - PIÉTEMENT ÉLÉMENT FINAL FORME TRAPÉZOÏDALE
946;nl;1;/;TALO.YOU - FRAME EINDELEMENT TRAPEZIUMVORM
947;de;1;/;TALO.YOU - GESTELL BESPRECHUNGSTISCH HALBE BOOTSFORM
947;en;1;/;TALO.YOU - FRAME MEETING TABLE HALF BOAT SHAPE
947;fr;1;/;TALO.YOU - PIÉTEMENT TABLE DE RÉUNION FORME DE DEMI-BATEAU
947;nl;1;/;TALO.YOU - FRAME VERGADERTAFEL HALVE TONVORM
951;de;1;/;TALO.YOU - GESTELL BESPR.TISCH RECHTECKFORM
951;en;1;/;TALO.YOU - FRAME MEETING TABLE, RECTANGULAR FORM
951;fr;1;/;TALO.YOU - PIÉTEMENT TABLE DE RÉUNION, FORME RECTANGULAIRE
951;nl;1;/;TALO.YOU - FRAME VERGADERTAFEL, RECHTHOEKVORM
968;de;1;/;TALO.YOU - GESTELL BESPR.TISCH OVALFORM
968;en;1;/;TALO.YOU - FRAME MEETING TABLE, OVAL FORM
968;fr;1;/;TALO.YOU - PIÉTEMENT TABLE DE RÉUNION, FORME OVAL
968;nl;1;/;TALO.YOU - FRAME VERGADERTAFEL, OVAALVORM
970;de;1;/;TALO.YOU - GESTELL BESPRECHUNGSTISCH STADIONFORM
970;en;1;/;TALO.YOU - FRAME MEETING TABLE STADIUM-SHAPED
970;fr;1;/;TALO.YOU - PIÉTEMENT TABLE DE RÉUNION FORME DU STADE
970;nl;1;/;TALO.YOU - FRAME VERGADERTAFEL STADIONVORM
971;de;1;/;TALO.YOU - GESTELL BESPRECHUNGSTISCH TRAPEZFORM
971;en;1;/;TALO.YOU - FRAME MEETING TABLE TRAPEZOIDAL FORM
971;fr;1;/;TALO.YOU - PIÉTEMENT TABLE DE RÉUNION FORME TRAPÉZOÏDALE
971;nl;1;/;TALO.YOU - FRAME VERGADERTAFEL TRAPEZIUMVORM
972;de;1;/;TALO.YOU - GESTELL ZWISCHENELEMENT RECHTECKFORM
972;en;1;/;TALO.YOU - FRAME INTERMEDIATE ELEMENT RECTANGULAR FORM
972;fr;1;/;TALO.YOU - PIÉTEMENT ELÉMENT INTERMÉDIAIRE FORME RECTANGULAIRE
972;nl;1;/;TALO.YOU - FRAME TUSSENELEMENT RECHTHOEKVORM
973;de;1;/;TALO.YOU - BLOCK KOMBI
973;en;1;/;TALO.YOU - BLOCK COMBI
973;fr;1;/;TALO.YOU - BLOCK COMBI
973;nl;1;/;TALO.YOU - BLOCK COMBI
975;de;1;/;TALO.YOU - PLATTE ENDELEMENT BOOTSFORM 4-FUSS
975;en;1;/;TALO.YOU - TOP END ELEMENT BOAT-SHAPED 4-FOOT
975;fr;1;/;TALO.YOU - PLATEAU ÉLÉMENT FINAL FORME BATEAU 4 PIEDS
975;nl;1;/;TALO.YOU - BLAD EINDELEMENT TONVORM 4-POOT
1003;de;1;/;TALO.YOU - PLATTE ENDELEMENT RECHTECKFORM 4-FUSS
1003;en;1;/;TALO.YOU - TOP  END ELEMENT RECTANGULAR FORM 4-FOOT
1003;fr;1;/;TALO.YOU - PLATEAU ÉLÉMENT FINAL FORME RECTANGULAIRE 4 PIEDS
1003;nl;1;/;TALO.YOU - BLAD  EINDELEMENT RECHTHOEKVORM 4-POOT
1006;de;1;/;TALO.YOU - PLATTE ZWISCHENELEMENT RECHTECKFORM 4-FUSS
1006;en;1;/;TALO.YOU - TOP INTERMEDIATE ELEMENT RECTANGULAR FORM 4-FOOT
1006;fr;1;/;TALO.YOU - PLATEAU ELÉMENT INTERMÉDIAIRE FORME RECTANGULAIRE 4 PIEDS
1006;nl;1;/;TALO.YOU - BLAD TUSSENELEMENT RECHTHOEKVORM 4-POOT
1007;de;1;/;TALO.YOU - PLATTE ANFANGSELEMENT BOOTSFORM 4-FUSS
1007;en;1;/;TALO.YOU - TOP STARTER ELEMENT BOAT-SHAPED 4-FOOT
1007;fr;1;/;TALO.YOU - PLATEAU ÉLÉMENT DE DÉPART FORME BATEAU 4 PIEDS
1007;nl;1;/;TALO.YOU - BLAD BEGINELEMENT TONVORM 4-POOT
1008;de;1;/;TALO.YOU - PLATTE ANFANGSELEMENT RECHTECKFORM 4-FUSS
1008;en;1;/;TALO.YOU - TOP STARTER ELEMENT RECTANGULAR FORM 4-FOOT
1008;fr;1;/;TALO.YOU - PLATEAU ÉLÉMENT DE DÉPART FORME RECTANGULAIRE 4 PIEDS
1008;nl;1;/;TALO.YOU - BLAD BEGINELEMENT RECHTHOEKVORM 4-POOT
1009;de;1;/;TALO.YOU - PLATTE BESPRECHUNGSTISCH BOOTSFORM 4-FUSS
1009;en;1;/;TALO.YOU - TOP MEETING TABLE BOAT-SHAPED 4-FOOT
1009;fr;1;/;TALO.YOU - PLATEAU TABLE DE RÉUNION FORME BATEAU 4 PIEDS
1009;nl;1;/;TALO.YOU - BLAD VERGADERTAFEL TONVORM 4-POOT
1010;de;1;/;TALO.YOU - PLATTE BESPRECHUNGSTISCH RECHTECKFORM 4-FUSS
1010;en;1;/;TALO.YOU - TOP MEETING TABLE RECTANGULAR FORM 4-FOOT
1010;fr;1;/;TALO.YOU - PLATEAU TABLE DE RÉUNION FORME RECTANGULAIRE 4 PIEDS
1010;nl;1;/;TALO.YOU - BLAD VERGADERTAFEL RECHTHOEKVORM 4-POOT
1011;de;1;/;TALO.YOU - PLATTE ANFANGSELEMENT BOOTSFORM
1011;en;1;/;TALO.YOU - TOP STARTER ELEMENT BOAT-SHAPED
1011;fr;1;/;TALO.YOU - PLATEAU ÉLÉMENT DE DÉPART FORME BATEAU
1011;nl;1;/;TALO.YOU - BLAD BEGINELEMENT TONVORM
1012;de;1;/;TALO.YOU - PLATTE ANFANGSELEMENT RECHTECKFORM
1012;en;1;/;TALO.YOU - TOP STARTER ELEMENT RECTANGULAR FORM
1012;fr;1;/;TALO.YOU - PLATEAU ÉLÉMENT DE DÉPART FORME RECTANGULAIRE
1012;nl;1;/;TALO.YOU - BLAD BEGINELEMENT RECHTHOEKVORM
1013;de;1;/;TALO.YOU - PLATTE ANFANGSELEMENT TRAPEZFORM
1013;en;1;/;TALO.YOU - TOP STARTER ELEMENT TRAPEZOIDAL FORM
1013;fr;1;/;TALO.YOU - PLATEAU ÉLÉMENT DE DÉPART FORME TRAPÉZOÏDALE
1013;nl;1;/;TALO.YOU - BLAD BEGINELEMENT TRAPEZIUMVORM
1014;de;1;/;TALO.YOU - PLATTE BESPR.TISCH BOOTSFORM
1014;en;1;/;TALO.YOU - TOP MEETING TABLE, BOAT-SHAPED
1014;fr;1;/;TALO.YOU - PLATEAU TABLE DE RÉUNION, FORME BATEAU
1014;nl;1;/;TALO.YOU - BLAD VERGADERTAFEL, TONVORM
1015;de;1;/;TALO.YOU - PLATTE ENDELEMENT BOOTSFORM
1015;en;1;/;TALO.YOU - TOP END ELEMENT BOAT-SHAPED
1015;fr;1;/;TALO.YOU - PLATEAU ÉLÉMENT FINAL FORME BATEAU
1015;nl;1;/;TALO.YOU - BLAD EINDELEMENT TONVORM
1016;de;1;/;TALO.YOU - PLATTE ENDELEMENT RECHTECKFORM
1016;en;1;/;TALO.YOU - TOP END ELEMENT RECTANGULAR FORM
1016;fr;1;/;TALO.YOU - PLATEAU ÉLÉMENT FINAL FORME RECTANGULAIRE
1016;nl;1;/;TALO.YOU - BLAD EINDELEMENT RECHTHOEKVORM
1017;de;1;/;TALO.YOU - PLATTE ENDELEMENT TRAPEZFORM
1017;en;1;/;TALO.YOU - TOP END ELEMENT TRAPEZOIDAL FORM
1017;fr;1;/;TALO.YOU - PLATEAU ÉLÉMENT FINAL FORME TRAPÉZOÏDALE
1017;nl;1;/;TALO.YOU - BLAD EINDELEMENT TRAPEZIUMVORM
1018;de;1;/;TALO.YOU - PLATTE BESPRECHUNGSTISCH HALBE BOOTSFORM
1018;en;1;/;TALO.YOU - TOP MEETING TABLE HALF BOAT SHAPE
1018;fr;1;/;TALO.YOU - PLATEAU TABLE DE RÉUNION FORME DE DEMI-BATEAU
1018;nl;1;/;TALO.YOU - BLAD VERGADERTAFEL HALVE TONVORM
1020;de;1;/;TALO.YOU - PLATTE BESPR.TISCH RECHTECKFORM
1020;en;1;/;TALO.YOU - TOP MEETING TABLE, RECTANGULAR FORM
1020;fr;1;/;TALO.YOU - PLATEAU TABLE DE RÉUNION, FORME RECTANGULAIRE
1020;nl;1;/;TALO.YOU - BLAD VERGADERTAFEL, RECHTHOEKVORM
1021;de;1;/;TALO.YOU - PLATTE BESPR.TISCH OVALFORM
1021;en;1;/;TALO.YOU - TOP MEETING TABLE, OVAL FORM
1021;fr;1;/;TALO.YOU - PLATEAU TABLE DE RÉUNION, FORME OVAL
1021;nl;1;/;TALO.YOU - BLAD VERGADERTAFEL, OVAALVORM
1022;de;1;/;TALO.YOU - PLATTE BESPRECHUNGSTISCH STADIONFORM
1022;en;1;/;TALO.YOU - TOP MEETING TABLE STADIUM-SHAPED
1022;fr;1;/;TALO.YOU - PLATEAU TABLE DE RÉUNION FORME DU STADE
1022;nl;1;/;TALO.YOU - BLAD VERGADERTAFEL STADIONVORM
1023;de;1;/;TALO.YOU - PLATTE BESPRECHUNGSTISCH TRAPEZFORM
1023;en;1;/;TALO.YOU - TOP MEETING TABLE TRAPEZOIDAL FORM
1023;fr;1;/;TALO.YOU - PLATEAU TABLE DE RÉUNION FORME TRAPÉZOÏDALE
1023;nl;1;/;TALO.YOU - BLAD VERGADERTAFEL TRAPEZIUMVORM
1024;de;1;/;TALO.YOU - PLATTE ZWISCHENELEMENT RECHTECKFORM
1024;en;1;/;TALO.YOU - TOP INTERMEDIATE ELEMENT RECTANGULAR FORM
1024;fr;1;/;TALO.YOU - PLATEAU ELÉMENT INTERMÉDIAIRE FORME RECTANGULAIRE
1024;nl;1;/;TALO.YOU - BLAD TUSSENELEMENT RECHTHOEKVORM
1025;de;1;/;TALO.YOU - ENDELEMENT BOOTSFORM 4-FUSS
1025;en;1;/;TALO.YOU - END ELEMENT BOAT-SHAPED 4-FOOT
1025;fr;1;/;TALO.YOU - ÉLÉMENT FINAL FORME BATEAU 4 PIEDS
1025;nl;1;/;TALO.YOU - EINDELEMENT TONVORM 4-POOT
1028;de;1;/;TALO.YOU - ENDELEMENT RECHTECKFORM 4-FUSS
1028;en;1;/;TALO.YOU - END ELEMENT RECTANGULAR FORM 4-FOOT
1028;fr;1;/;TALO.YOU - ÉLÉMENT FINAL FORME RECTANGULAIRE 4 PIEDS
1028;nl;1;/;TALO.YOU - EINDELEMENT RECHTHOEKVORM 4-POOT
1030;de;1;/;TALO.YOU - ZWISCHENELEMENT RECHTECKFORM 4-FUSS
1030;en;1;/;TALO.YOU - INTERMEDIATE ELEMENT RECTANGULAR FORM 4-FOOT
1030;fr;1;/;TALO.YOU - ELÉMENT INTERMÉDIAIRE FORME RECTANGULAIRE 4 PIEDS
1030;nl;1;/;TALO.YOU - TUSSENELEMENT RECHTHOEKVORM 4-POOT
1032;de;1;/;TALO.YOU - ANFANGSELEMENT BOOTSFORM 4-FUSS
1032;en;1;/;TALO.YOU - STARTER ELEMENT BOAT-SHAPED 4-FOOT
1032;fr;1;/;TALO.YOU - ÉLÉMENT DE DÉPART FORME BATEAU 4 PIEDS
1032;nl;1;/;TALO.YOU - BEGINELEMENT TONVORM 4-POOT
1034;de;1;/;TALO.YOU - ANFANGSELEMENT RECHTECKFORM 4-FUSS
1034;en;1;/;TALO.YOU - STARTER ELEMENT RECTANGULAR FORM 4-FOOT
1034;fr;1;/;TALO.YOU - ÉLÉMENT DE DÉPART FORME RECTANGULAIRE 4 PIEDS
1034;nl;1;/;TALO.YOU - BEGINELEMENT RECHTHOEKVORM 4-POOT
1036;de;1;/;TALO.YOU - BESPRECHUNGSTISCH BOOTSFORM 4-FUSS
1036;en;1;/;TALO.YOU - MEETING TABLE BOAT-SHAPED 4-FOOT
1036;fr;1;/;TALO.YOU - TABLE DE RÉUNION FORME BATEAU 4 PIEDS
1036;nl;1;/;TALO.YOU - VERGADERTAFEL TONVORM 4-POOT
1038;de;1;/;TALO.YOU - BESPRECHUNGSTISCH RECHTECKFORM 4-FUSS
1038;en;1;/;TALO.YOU - MEETING TABLE RECTANGULAR FORM 4-FOOT
1038;fr;1;/;TALO.YOU - TABLE DE RÉUNION FORME RECTANGULAIRE 4 PIEDS
1038;nl;1;/;TALO.YOU - VERGADERTAFEL RECHTHOEKVORM 4-POOT
1040;de;1;/;TALO.YOU - ANFANGSELEMENT BOOTSFORM
1040;en;1;/;TALO.YOU - STARTER ELEMENT BOAT-SHAPED
1040;fr;1;/;TALO.YOU - ÉLÉMENT DE DÉPART FORME BATEAU
1040;nl;1;/;TALO.YOU - BEGINELEMENT TONVORM
1042;de;1;/;TALO.YOU - ANFANGSELEMENT RECHTECKFORM
1042;en;1;/;TALO.YOU - STARTER ELEMENT RECTANGULAR FORM
1042;fr;1;/;TALO.YOU - ÉLÉMENT DE DÉPART FORME RECTANGULAIRE
1042;nl;1;/;TALO.YOU - BEGINELEMENT RECHTHOEKVORM
1044;de;1;/;TALO.YOU - ANFANGSELEMENT TRAPEZFORM
1044;en;1;/;TALO.YOU - STARTER ELEMENT TRAPEZOIDAL FORM
1044;fr;1;/;TALO.YOU - ÉLÉMENT DE DÉPART FORME TRAPÉZOÏDALE
1044;nl;1;/;TALO.YOU - BEGINELEMENT TRAPEZIUMVORM
1046;de;1;/;TALO.YOU - BESPRECHUNGSTISCH, BOOTSFORM
1046;en;1;/;TALO.YOU - MEETING TABLE, BOAT-SHAPED
1046;fr;1;/;TALO.YOU - TABLE DE RÉUNION, FORME BATEAU
1046;nl;1;/;TALO.YOU - VERGADERTAFEL, TONVORM
1054;de;1;/;TALO.YOU - ENDELEMENT BOOTSFORM
1054;en;1;/;TALO.YOU - END ELEMENT BOAT-SHAPED
1054;fr;1;/;TALO.YOU - ÉLÉMENT FINAL FORME BATEAU
1054;nl;1;/;TALO.YOU - EINDELEMENT TONVORM
1056;de;1;/;TALO.YOU - ENDELEMENT RECHTECKFORM
1056;en;1;/;TALO.YOU - END ELEMENT RECTANGULAR FORM
1056;fr;1;/;TALO.YOU - ÉLÉMENT FINAL FORME RECTANGULAIRE
1056;nl;1;/;TALO.YOU - EINDELEMENT RECHTHOEKVORM
1058;de;1;/;TALO.YOU - ENDELEMENT TRAPEZFORM
1058;en;1;/;TALO.YOU - END ELEMENT TRAPEZOIDAL FORM
1058;fr;1;/;TALO.YOU - ÉLÉMENT FINAL FORME TRAPÉZOÏDALE
1058;nl;1;/;TALO.YOU - EINDELEMENT TRAPEZIUMVORM
1060;de;1;/;TALO.YOU - BESPRECHUNGSTISCH HALBE BOOTSFORM
1060;en;1;/;TALO.YOU - MEETING TABLE HALF BOAT SHAPE
1060;fr;1;/;TALO.YOU - TABLE DE RÉUNION FORME DE DEMI-BATEAU
1060;nl;1;/;TALO.YOU - VERGADERTAFEL HALVE TONVORM
1062;de;1;/;TALO.YOU - BESPRECHUNGSTISCH, RECHTECKFORM
1062;en;1;/;TALO.YOU - MEETING TABLE, RECTANGULAR FORM
1062;fr;1;/;TALO.YOU - TABLE DE RÉUNION, FORME RECTANGULAIRE
1062;nl;1;/;TALO.YOU - VERGADERTAFEL, RECHTHOEKVORM
1066;de;1;/;TALO.YOU - BESPRECHUNGSTISCH, OVALFORM
1066;en;1;/;TALO.YOU - MEETING TABLE, OVAL FORM
1066;fr;1;/;TALO.YOU - TABLE DE RÉUNION, FORME OVALE
1066;nl;1;/;TALO.YOU - VERGADERTAFEL, OVAALVORM
1068;de;1;/;TALO.YOU - BESPRECHUNGSTISCH STADIONFORM
1068;en;1;/;TALO.YOU - MEETING TABLE STADIUM-SHAPED
1068;fr;1;/;TALO.YOU - TABLE DE RÉUNION FORME DU STADE
1068;nl;1;/;TALO.YOU - VERGADERTAFEL STADIONVORM
1070;de;1;/;TALO.YOU - BESPRECHUNGSTISCH TRAPEZFORM
1070;en;1;/;TALO.YOU - MEETING TABLE TRAPEZOIDAL FORM
1070;fr;1;/;TALO.YOU - TABLE DE RÉUNION FORME TRAPÉZOÏDALE
1070;nl;1;/;TALO.YOU - VERGADERTAFEL TRAPEZIUMVORM
1072;de;1;/;TALO.YOU - ZWISCHENELEMENT RECHTECKFORM
1072;en;1;/;TALO.YOU - INTERMEDIATE ELEMENT RECTANGULAR FORM
1072;fr;1;/;TALO.YOU - ELÉMENT INTERMÉDIAIRE FORME RECTANGULAIRE
1072;nl;1;/;TALO.YOU - TUSSENELEMENT RECHTHOEKVORM
1074;de;1;/;TALO.YOU - EINRIEGELKONSOLE
1074;en;1;/;TALO.YOU - CONSOLE
1074;fr;1;/;TALO.YOU - CONSOLE DE LEVIER UNIQUE
1074;nl;1;/;TALO.YOU - CONSOLE
1077;de;1;/;TALO.YOU - AKUSTIKPANEEL FÜR MONOSÄULENTISCH TALO.YOU One
1077;en;1;/;TALO.YOU - ACOUSTIC SCEEN FOR MONOCOLUMN TABLE TALO.YOU One
1077;fr;1;/;TALO.YOU - PANNEAU ACOUSTIQUE POUR TABLE MONOCOLONNE TALO.YOU One
1077;nl;1;/;TALO.YOU - AKUSTISCH PANEEL VOOR MONOZUIL TAFEL TALO.YOU One
1091;de;1;/;TALO.YOU - FLACHBILDSCHIRMHALTER
1091;en;1;/;TALO.YOU - FLAT SCREEN HOLDER
1091;fr;1;/;TALO.YOU - SUPPORT POUR ÉCRAN PLAT
1091;nl;1;/;TALO.YOU - FLATSCREEN BEELDSCHERMHOUDER
1108;de;1;/;TALO.YOU - GESTELL FÜR MONOSÄULENTISCH TALO.YOU One
1108;en;1;/;TALO.YOU - FRAME FOR MONOCOLUMN TABLE TALO.YOU One
1108;fr;1;/;TALO.YOU - PIÉTEMENT POUR TABLE MONOCOLONNE TALO.YOU One
1108;nl;1;/;TALO.YOU - FRAME VOOR MONOZUIL TAFEL TALO.YOU One
1121;de;1;/;TALO.YOU - ABDECKUNG F. FUSSAUSLEGER GEHRUNG
1121;en;1;/;TALO.YOU - COVER F.CANTILEVER FOOT MITRED
1121;fr;1;/;TALO.YOU - CACHE P.PATTE À COUPE D'ONGLET
1121;nl;1;/;TALO.YOU - AFDEKKING V.VOETSTEUN VERSTEK
1122;de;1;/;TALO.YOU - A-FUSS SEITENTEIL
1122;en;1;/;TALO.YOU - A-FOOT SIDE PART
1122;fr;1;/;TALO.YOU - PIED-A PIÈCE LATÉRAL
1122;nl;1;/;TALO.YOU - A-POOT ZIJ-DEEL
1123;de;1;/;TALO.YOU - FUSSAUSLEGER
1123;en;1;/;TALO.YOU - CANTILEVER FOOT
1123;fr;1;/;TALO.YOU - PATTE
1123;nl;1;/;TALO.YOU - VOETSTEUN
1125;de;1;/;TALO.YOU - FUSSAUSLEGER FÜR MONOSÄULENTISCH TALO.YOU One
1125;en;1;/;TALO.YOU - CANTILEVER FOOT FOR MONOCOLUMN TABLE TALO.YOU One
1125;fr;1;/;TALO.YOU - PATTE POUR TABLE MONOCOLONNE TALO.YOU One
1125;nl;1;/;TALO.YOU - VOETSTEUN VOOR MONOZUIL TAFEL TALO.YOU One
1126;de;1;/;TALO.YOU - UMRÜSTSET AUF MOTORVERSTELLUNG HV33
1126;en;1;/;TALO.YOU - KIT TO CONVERT TO MOTORIZED ADJUSTEMENT HV33
1126;fr;1;/;TALO.YOU - JEU DE L'ADAPTATION UA RÉGLAGE MOTORISÉ HV33
1126;nl;1;/;TALO.YOU - CONVERSIE KIT NAAR MOTORVERSTELLING HV33
1127;de;1;/;TALO.YOU - GESTELL AUF ROLLEN F.PERSONAL BOX
1127;en;1;/;TALO.YOU - STAND ON CASTORS F.PERSONAL BOX
1127;fr;1;/;TALO.YOU - CADRE SUR ROULETTES P.PERSONAL BOX
1127;nl;1;/;TALO.YOU - CHASSIS OP WIELEN V.PERSONAL BOX
1128;de;1;/;TALO.YOU - SAEULE F.GESTELL
1128;en;1;/;TALO.YOU - COLUMN FOR FRAME
1128;fr;1;/;TALO.YOU - COLONNE POUR PIÉTEMENT
1128;nl;1;/;TALO.YOU - ZUIL VOOR FRAME
1129;de;1;/;TALO.YOU - SÄULE FÜR MONOSÄULENTISCH TALO.YOU One
1129;en;1;/;TALO.YOU - COLUMN FOR MONOCOLUMN TABLE TALO.YOU One
1129;fr;1;/;TALO.YOU - COLONNE POUR TABLE MONOCOLONNE TALO.YOU One
1129;nl;1;/;TALO.YOU - ZUIL VOOR MONOZUIL TAFEL TALO.YOU One
1130;de;1;/;TALO.YOU - SEITLICHE ABDECKKAPPE F.GESTELL
1130;en;1;/;TALO.YOU - CAP F.FRAME
1130;fr;1;/;TALO.YOU - COUVERCLE P.PIÉTEMENT
1130;nl;1;/;TALO.YOU - AFDEKKAP V.FRAME
1131;de;1;/;TALO.YOU - T-FUSS SEITENTEIL
1131;en;1;/;TALO.YOU - T-FOOT SIDE PART
1131;fr;1;/;TALO.YOU - PIED-T PIÈCE LATÉRAL
1131;nl;1;/;TALO.YOU - T-POOT ZIJ-DEEL
1132;de;1;/;TALO.YOU - HANDSCHALTER (BEDIENELEMENT)
1132;en;1;/;TALO.YOU - CONTROLPANEL
1132;fr;1;/;TALO.YOU - ELÉMENT DE COMMANDE, À MAIN
1132;nl;1;/;TALO.YOU - HANDSCHAKELAAR
1133;de;1;/;TALO.YOU - HALTER KABELWANNE BEF.KONSOLE
1133;en;1;/;TALO.YOU - HOLDER CABLE TRAY ON CONSOLE
1133;fr;1;/;TALO.YOU - SUPPORT GOULOTTE DE CÂBLAGE À CONSOLE
1133;nl;1;/;TALO.YOU - HOUDER KABELGOOT AAN CONSOLE
1134;de;1;/;TALO.YOU - HALTER KABELWANNE BEF.PLATTE
1134;en;1;/;TALO.YOU - HOLDER CABLE TRAY ON TOP
1134;fr;1;/;TALO.YOU - SUPPORT GOULOTTE DE CÂBLAGE À PLATEAU
1134;nl;1;/;TALO.YOU - HOUDER KABELGOOT AAN BLAD
1135;de;1;/;TALO.YOU - HUELSE MONITORARM-M2 IN RASTSCHIENE
1135;en;1;/;TALO.YOU - HULL FOR MONITOR ARM M2
1135;fr;1;/;TALO.YOU - DOUILLE POUR BRAS-SUPPORT DE MONITEUR M2
1135;nl;1;/;TALO.YOU - HULS VOOR MONITORARM M2
1136;de;1;/;TALO.YOU - HUELSE MONITORARM-M8 IN RASTSCHIENE
1136;en;1;/;TALO.YOU - HULL FOR MONITOR ARM M8
1136;fr;1;/;TALO.YOU - DOUILLE POUR BRAS-SUPPORT DE MONITEUR M8
1136;nl;1;/;TALO.YOU - HULS VOOR MONITORARM M8
1137;de;1;/;TALO.YOU - KEYSTONE F.PERSONAL BOX
1137;en;1;/;TALO.YOU - KEYSTONE F.PERSONAL BOX
1137;fr;1;/;TALO.YOU - KEYSTONE P.PERSONAL BOX
1137;nl;1;/;TALO.YOU - KEYSTONE V.PERSONAL BOX
1140;de;1;/;TALO.YOU - GESTELL STAFFELTI. RECHTECKFORM
1140;en;1;/;TALO.YOU - FRAME NESTING TABLE
1140;fr;1;/;TALO.YOU - PIÉTEMENT TABLE EMBOÎTABLE
1140;nl;1;/;TALO.YOU - FRAME STAPELTAFEL
1150;de;1;/;TALO.YOU - KLEMMADAPTER F.FLACHBILDSCHIRMHALTER
1150;en;1;/;TALO.YOU - CLAMP ADAPTER FOR FLAT SCREEN HOLDER
1150;fr;1;/;TALO.YOU - ADAPTATEUR À PINCE POUR SUPPORT POUR ÉCRAN PLAT
1150;nl;1;/;TALO.YOU - KLEMADAPTER VOOR FLATSCREEN BEELDSCHERMHOUDER
1151;de;1;/;TALO.YOU - KOLLISIONSSCHUTZ SENSOR F.MOTORVERST.
1151;en;1;/;TALO.YOU - COLLISION PREVENTION FOR MOTORIZED HEIGHT ADJUSTEMENT
1151;fr;1;/;TALO.YOU - PROTECTION ANTICOLLISIONS POUR RÉGLAGE MOTORISÉ
1151;nl;1;/;TALO.YOU - STOOTBESCHERMING VOOR MOTORVERSTELLING
1153;de;1;/;TALO.YOU - PLATTE STAFFELTI. RECHTECKFORM
1153;en;1;/;TALO.YOU - TOP NESTING TABLE
1153;fr;1;/;TALO.YOU - PLATEAU TABLE EMBOÎTABLE
1153;nl;1;/;TALO.YOU - BLAD STAPELTAFEL
1157;de;1;/;TALO.YOU - STAFFELTISCH
1157;en;1;/;TALO.YOU - NESTING TABLE
1157;fr;1;/;TALO.YOU - TABLE EMBOÎTABLE
1157;nl;1;/;TALO.YOU - STAPELTAFEL
1162;de;1;/;TALO.YOU - KABELWANNE F.SCHREIBTISCH
1162;en;1;/;TALO.YOU - CABLE TRAY FOR DESK
1162;fr;1;/;TALO.YOU - GOULOTTE DE CÂBLAGE POUR BUREAU DE TRAVAIL
1162;nl;1;/;TALO.YOU - KABELGOOT VOOR BUREAUTAFEL
1178;de;1;/;TALO.YOU - LINEAR KOMBI
1178;en;1;/;TALO.YOU - LINEAR COMBI
1178;fr;1;/;TALO.YOU - LINEAR COMBI
1178;nl;1;/;TALO.YOU - LINEAR COMBI
1180;de;1;/;TALO.YOU - PAAR LINEARVERBINDER DOPPELBENCH
1180;en;1;/;TALO.YOU - PAIR LINEAR CONNECTOR DOUBLE BENCH
1180;fr;1;/;TALO.YOU - PAIR D´ENTROISES BENCH DOUBLE
1180;nl;1;/;TALO.YOU - PAAR LINEAIRE SCHAKEL DUBBEL-BENCH
1182;de;1;/;TALO.YOU - LAENGSTRAVERSE
1182;en;1;/;TALO.YOU - LONGITUDINAL BEAM
1182;fr;1;/;TALO.YOU - TRAVERSE LONGITUDINALE
1182;nl;1;/;TALO.YOU - HOOFDTRAVERSE
1186;de;1;/;TALO.YOU - MITTIGE KABELWANNE F.DOPPELBENCH
1186;en;1;/;TALO.YOU - CENTRAL CABLE TRAY FOR DOUBLE BENCH
1186;fr;1;/;TALO.YOU - GOULOTTE DE CÂBLAGE CENTRALEPOUR BENCH DOUBLE
1186;nl;1;/;TALO.YOU - CENTRALE KABELGOOT VOOR DUBBEL-BENCH
1188;de;1;/;TALO.YOU - STEUERUNGSBOX F.MOTORVERSTELLUNG HV33
1188;en;1;/;TALO.YOU - CONTROL BOX FOR MOTORIZED ADJUSTEMENT HV33
1188;fr;1;/;TALO.YOU - BOITE DE COMMANDE POUR RÉGLAGE MOTORISÉ HV33
1188;nl;1;/;TALO.YOU - BESTURINGSBOX VOOR MOTORVERSTELLING HV33
1191;de;1;/;TALO.YOU - NETZKABEL F.STEUERUNGSBOX HV33
1191;en;1;/;TALO.YOU - MAINS CABLE FOR CONTROL BOX HV33
1191;fr;1;/;TALO.YOU - CÂBLE D'ALIMENTATION POUR BOITE DE COMMANDE HV33
1191;nl;1;/;TALO.YOU - NETKABEL VOOR BESTURINGSBOX HV33
1192;de;1;/;TALO.YOU - HANDY-/SCHLUESSELHALTERUNG PERSONAL BOX
1192;en;1;/;TALO.YOU - KEY AND MOBILE HOLDER PERSONAL BOX
1192;fr;1;/;TALO.YOU - SUPPORT CLÉS/PORTABLE PERSONAL BOX
1192;nl;1;/;TALO.YOU - SLEUTEL- EN MOBIELTJEHOUDER PERSONAL BOX
1193;de;1;/;TALO.YOU - PLATTE ANBAUELEMENT FREIFORM 500 mm breit
1193;en;1;/;TALO.YOU - TOP EXTENSION ELEMENT FREE FORM 500 mm wide
1193;fr;1;/;TALO.YOU - PLATEAU ÉLÉMENT RAPPORTÉ DE FORME LIBRE 500 mm large
1193;nl;1;/;TALO.YOU - BLAD AANBOUWELEMENT VRIJE VORM 500 mm breed
1194;de;1;/;TALO.YOU - PLATTE ANBAUELEMENT RECHTECKFORM 500 mm breit
1194;en;1;/;TALO.YOU - TOP EXTENSION ELEMENT RECTANGULAR SHAPE 500 mm wide
1194;fr;1;/;TALO.YOU - PLATEAU ÉLÉMENT RAPPORTÉ DE FORME RECTANGULAIRE 500 mm large
1194;nl;1;/;TALO.YOU - BLAD AANBOUWELEMENT RECHTHOEKIGE VORM 500 mm breed
1195;de;1;/;TALO.YOU - PLATTE F.ANBAUREGAL 400x800 mm
1195;en;1;/;TALO.YOU - TOP FOR SHELF EXTENSION ELEMENT 400x800 mm
1195;fr;1;/;TALO.YOU - PLATEAU P. ÉLÉMENT RAPPORTÉ DE RAYONNAGE 400x800 mm
1195;nl;1;/;TALO.YOU - BLAD V. OPEN KAST AANBOUWELEMENT 400x800 mm
1196;de;1;/;TALO.YOU - PLATTE F.ANBAUTISCH,135°-KREIS
1196;en;1;/;TALO.YOU - TOP FOR EXTENSION DESK 135°-CIRCLE
1196;fr;1;/;TALO.YOU - PLATEAU P. TABLE JUXTAPOSABLE 135° CERCLE
1196;nl;1;/;TALO.YOU - BLAD V. AANBOUWTAFEL 135° CIRKEL
1197;de;1;/;TALO.YOU - PLATTE F.ANBAUTISCH,3/4-KREIS
1197;en;1;/;TALO.YOU - TOP FOR EXTENSION DESK 3/4-CIRCLE
1197;fr;1;/;TALO.YOU - PLATEAU P. TABLE JUXTAPOSABLE 3/4-CERCLE
1197;nl;1;/;TALO.YOU - BLAD V. AANBOUWTAFEL 3/4-CIRKEL
1198;de;1;/;TALO.YOU - PLATTE F.ANBAUTISCH,RUND M.ANSCHNITTK.
1198;en;1;/;TALO.YOU - TOP FOR EXTENSION DESK ROUND WITH STRAIGHT EDGE
1198;fr;1;/;TALO.YOU - PLATEAU P. TABLE JUXTAPOSABLE ROND AVEC BORD CHANFREINÉ
1198;nl;1;/;TALO.YOU - BLAD V. AANBOUWTAFEL ROND MET AVGEFLAKTE ZIJDE
1199;de;1;/;TALO.YOU - PL.ANBAUTISCH,DOPPELARBEITSPL.BOGENFORM 600 mm breit
1199;en;1;/;TALO.YOU - TOP FOR EXTENSION DESK BACK TO BACK WORKSTATION ARCH SHAPE 600 mm wide
1199;fr;1;/;TALO.YOU - PLATEAU P. TABLE JUXTAPOSABLE POSTE DE TRAVAIL DOUBLE FORME L’ARCHE 600 mm large
1199;nl;1;/;TALO.YOU - BLAD V. AANBOUWTAFEL DUBBELE WERKPLEK BOOGVORM 600 mm breed
1200;de;1;/;TALO.YOU - PLATTE F.ANBAUTISCH,RUNDBOGEN 800 mm breit
1200;en;1;/;TALO.YOU - TOP FOR EXTENSION DESK ROUND ARCH 800 mm wide
1200;fr;1;/;TALO.YOU - PLATEAU P. TABLE JUXTAPOSABLE ARCHE RONDE 800 mm large
1200;nl;1;/;TALO.YOU - BLAD V. AANBOUWTAFEL RONDE BOOG 800 mm breed
1201;de;1;/;TALO.YOU - PLATTENTRAEGERKONSOLE 1 STUECK
1201;en;1;/;TALO.YOU - DESK-TOP SUPPORT 1 PIECE
1201;fr;1;/;TALO.YOU - CONSOLE SUPPORT DE PLATEAU 1 PIÈCE
1201;nl;1;/;TALO.YOU - BLADDRAGERCONSOLE 1 STUK
1202;de;1;/;TALO.YOU - PL.TRAEG.KONS. AUSSEN  BT OVAL/BOOTSFORM
1202;en;1;/;TALO.YOU - DESK-TOP SUPPORT AT OUTSIDE OVAL/BOAT SHAPE
1202;fr;1;/;TALO.YOU - CONSOLE SUPPORT DE PLATEAU À L'EXTÉRIEUR FORME OVALE/BATEAU
1202;nl;1;/;TALO.YOU - BLADDRAGERCONSOLE BUITEN OVALE VORM/TONVORM
1203;de;1;/;TALO.YOU - PLATTENTRAEGERKONSOLE 517MM BERATERTISCH
1203;en;1;/;TALO.YOU - DESK-TOP SUPPORT 517MM CONSULTANT TABLE
1203;fr;1;/;TALO.YOU - CONSOLE SUPPORT DE PLATEAU 517MM TABLE CONSEILLER
1203;nl;1;/;TALO.YOU - BLADDRAGERCONSOLE 517MM CONSULENTTAFEL
1204;de;1;/;TALO.YOU - PLATTENTRAEGERKONSOLE 717MM BERATERTISCH
1204;en;1;/;TALO.YOU - DESK-TOP SUPPORT 717MM CONSULTANT TABLE
1204;fr;1;/;TALO.YOU - CONSOLE SUPPORT DE PLATEAU 717MM TABLE CONSEILLER
1204;nl;1;/;TALO.YOU - BLADDRAGERCONSOLE 717MM CONSULENTTAFEL
1205;de;1;/;TALO.YOU - PLATTENTRAEGERKONSOLE MITTE FREIFORM
1205;en;1;/;TALO.YOU - DESK-TOP SUPPORT, CENTER FREEFORM
1205;fr;1;/;TALO.YOU - CONSOLE SUPPORT DE PLATEAU, CENTRE FORME LIBRE
1205;nl;1;/;TALO.YOU - BLADDRAGERCONSOLE, MIDDEN VRIJVORM
1206;de;1;/;TALO.YOU - PLATTE FÜR MONOSÄULENTISCH TALO.YOU One
1206;en;1;/;TALO.YOU - TOP FOR MONOCOLUMN TABLE TALO.YOU One
1206;fr;1;/;TALO.YOU - PLATEAU POUR TABLE MONOCOLONNE TALO.YOU One
1206;nl;1;/;TALO.YOU - BLAD VOOR MONOZUIL TAFEL TALO.YOU One
1208;de;1;/;TALO.YOU - ROLLE F.PERSONAL BOX
1208;en;1;/;TALO.YOU - CASTOR F.PERSONAL BOX
1208;fr;1;/;TALO.YOU - ROULETTE P.PERSONAL BOX
1208;nl;1;/;TALO.YOU - WIEL V.PERSONAL BOX
1209;de;1;/;TALO.YOU - SMART CONNECTOR
1209;en;1;/;TALO.YOU - SMART CONNECTOR
1209;fr;1;/;TALO.YOU - CONNECTEUR SMART
1209;nl;1;/;TALO.YOU - SMART CONNECTOR
1211;de;1;/;TALO.YOU - STUETZFUSS F.ANBAUTISCH
1211;en;1;/;TALO.YOU - SUPPORT FOOT FOR EXTENSION DESK
1211;fr;1;/;TALO.YOU - PIED DE SOUTIEN POUR TABLE JUXTAPOSABLE
1211;nl;1;/;TALO.YOU - STEUNPOOT VOOR AANBOUWTAFEL
1212;de;1;/;TALO.YOU - TUERBAND F.PERSONAL BOX
1212;en;1;/;TALO.YOU - DOOR HINGE F.PERSONAL BOX
1212;fr;1;/;TALO.YOU - CHARNIÈRE P.PERSONAL BOX
1212;nl;1;/;TALO.YOU - SCHARNIER V.PERSONAL BOX
1213;de;1;/;TALO.YOU - MONOSÄULENTISCH TALO.YOU One
1213;en;1;/;TALO.YOU - MONOCOLUMN TABLE TALO.YOU One
1213;fr;1;/;TALO.YOU - TABLE MONOCOLONNE TALO.YOU One
1213;nl;1;/;TALO.YOU - MONOZUIL TAFEL TALO.YOU One
1215;de;1;/;TALO.YOU - Staffeltisch (Teilplanung)
1215;en;1;/;TALO.YOU - NESTING TABLE (PLANNING)
1215;fr;1;/;TALO.YOU - TABLE EMBOÎTABLE (PLANIFICATION)
1215;nl;1;/;TALO.YOU - STAPELTAFEL (DEELPLANNING)
1217;de;1;/;TALO.YOU - ABDECKRAHMEN F.HV32 HE SAEULE
1217;en;1;/;TALO.YOU - COVER FRAME F.HV32 COLUMN
1217;fr;1;/;TALO.YOU - CACHE P.HV32 COLONNE
1217;nl;1;/;TALO.YOU - AFDEKFRAME V.HV32 ZUIL
1218;de;1;/;TALO.YOU - BESCHLAGTEILE F.SCHIEBEPLATTE
1218;en;1;/;TALO.YOU - FITTING PARTS FOR SLIDING TOP
1218;fr;1;/;TALO.YOU - PIÈCES DE RACCORD POUR PLATEAU COULISSANT
1218;nl;1;/;TALO.YOU - BESLAGDELEN VOOR SCHUIFBLAD
1219;de;1;/;TALO.YOU - CPU-HALTER LIGHT M.GURT
1219;en;1;/;TALO.YOU - CPU HOLDER LIGHT WITH BELT
1219;fr;1;/;TALO.YOU - PORTE-UNITÉ CENTRALE LIGHT AVEC SANGLE
1219;nl;1;/;TALO.YOU - PC-HOUDER LICHT MET RIEM
1221;de;1;/;TALO.YOU - CPU-ROLLWAGEN METALL
1221;en;1;/;TALO.YOU - CPU TROLLEY, METALLIC
1221;fr;1;/;TALO.YOU - CHARIOT UC, MÉTAL
1221;nl;1;/;TALO.YOU - CPU TROLLEY, METALLIC
1227;de;1;/;TALO.YOU - SEITENVERKLEIDUNG GELOCHT F. DOPPELBENCH
1227;en;1;/;TALO.YOU - SIDE COVER, PERFORATED, FOR DOUBLE BENCH
1227;fr;1;/;TALO.YOU - HABILLAGE LATÉRAL, PERFORÉ, POUR BENCH DOUBLE
1227;nl;1;/;TALO.YOU - ZIJPANEEL, GEPERFOREERD, VOOR DUBBEL-BENCH
1231;de;1;/;TALO.YOU - SEITENVERKLEIDUNG F. DOPPELBENCH
1231;en;1;/;TALO.YOU - SIDE COVER FOR DOUBLE BENCH
1231;fr;1;/;TALO.YOU - HABILLAGE LATÉRAL POUR BENCH DOUBLE
1231;nl;1;/;TALO.YOU - ZIJPANEEL VOOR DUBBEL-BENCH
1233;de;1;/;TALO.YOU - SEITL.WANGE F.DOPPELBENCH IN TISCHTIEFE
1233;en;1;/;TALO.YOU - SLAB END F.DOUBLE BENCH IN TABLE DEPTH
1233;fr;1;/;TALO.YOU - JOUE LATÉRALE P.BENCH DOUBLE EN PROFONDEUR DE TABLE
1233;nl;1;/;TALO.YOU -ZIJWANG V.DUBBLE BENCH IN TAFELDIEPTE
1234;de;1;/;TALO.YOU - EINZELADAPTER KOMPLETT
1234;en;1;/;TALO.YOU - SINGLE ADAPTER
1234;fr;1;/;TALO.YOU - ADAPTATEUR INDIVIDUEL
1234;nl;1;/;TALO.YOU - AFZONDERLIJKE ADAPTER
1236;de;1;/;TALO.YOU - FLUEGELSCHRAUBE F.HV32 HE SAEULE
1236;en;1;/;TALO.YOU - WINGSCREW F.HV32 COLUMN
1236;fr;1;/;TALO.YOU - VIS À AILETTE P.HV32 COLONNE
1236;nl;1;/;TALO.YOU - VLEUGELMOEREN V.HV32 ZUIL
1237;de;1;/;TALO.YOU - GURT F.CPU-HALTER LIGHT
1237;en;1;/;TALO.YOU - BELT FOR CPU HOLDER LIGHT
1237;fr;1;/;TALO.YOU - SANGLE POUR PORTE-UNITÉ CENTRALE LIGHT
1237;nl;1;/;TALO.YOU - RIEM VOOR PC-HOUDER LICHT
1238;de;1;/;TALO.YOU - HOEHENAUSGLEICHSCHRAUBE F.FUSSAUSLEGER
1238;en;1;/;TALO.YOU - LEVELLING ADJUSTMENT SCREW F.CANTILEVER FOOT
1238;fr;1;/;TALO.YOU - VIS P. RÉGLAGE ÉLARGIE P.PATTE
1238;nl;1;/;TALO.YOU - HOOGTE GELIJKMAKINGSCHROEF V.VOETSTEUN
1239;de;1;/;TALO.YOU - HÖHENAUSGLEICHSCHRAUBE FÜR MONOSÄULENTIISCH TALO.YOU One
1239;en;1;/;TALO.YOU - LEVELLING ADJUSTMENT SCREW FOR MONOCOLUMN TABLE TALO.YOU One
1239;fr;1;/;TALO.YOU - VIS P. RÉGLAGE ÉLARGIE POUR TABLE MONOCOLONNE TALO.YOU One
1239;nl;1;/;TALO.YOU - HOOGTE GELIJKMAKINGSCHROEF VOOR MONOZUIL TAFEL TALO.YOU One
1240;de;1;/;TALO.YOU - KABELKETTENHALTERUNG ZUM ANSCHRAUBEN
1240;en;1;/;TALO.YOU - HOLDER FOR CABLE CHAIN TO SCREW ON
1240;fr;1;/;TALO.YOU - SUPPORT POUR CHAÎNE À CÂBLE À VISSER
1240;nl;1;/;TALO.YOU - HOUDER VOOR KABELKETTING OM AAN TE SCHROEVEN
1243;de;1;/;TALO.YOU - HALTER RUECKWANDBLENDE F.SCHREIBTISCH
1243;en;1;/;TALO.YOU - HOLDER MODESTY PANEL FOR DESK
1243;fr;1;/;TALO.YOU - SUPPORT VOILE DE FOND POUR BUREAU DE TRAVAIL
1243;nl;1;/;TALO.YOU - HOUDER ACHTERSCHOT VOOR BUREAUTAFEL
1252;de;1;/;TALO.YOU - HALTEBLECH SEITL. DRUCKERANSATZ
1252;en;1;/;TALO.YOU - MOUNTING SIDE PRINTER TRAY
1252;fr;1;/;TALO.YOU - TÔLE DE MAINTIEN P. CONSOLE LATÉRALE POUR IMPRIMANTE
1252;nl;1;/;TALO.YOU - HOUDERPLAAT VOOR ZIJBLAD VOOR PRINTER
1253;de;1;/;TALO.YOU - KABELKLAMMER(1ST.)Z.MONT.UNTER PLATTE
1253;en;1;/;TALO.YOU - CABLE CLIP (1PC) TO FIT BELOW TOP
1253;fr;1;/;TALO.YOU - PINCE POUR CÂBLES (1PC) POUR MONTAGE SOUS LE PLATEAU
1253;nl;1;/;TALO.YOU - KABELKLEM (1ST) VOOR MONTAGE ONDER TAFELBLAD
1255;de;1;/;TALO.YOU - KOECHER F. KABELKETTE/MOTORTISCH SYM.
1255;en;1;/;TALO.YOU - TUBE FOR CABLE CHAIN
1255;fr;1;/;TALO.YOU - CARQUOIS POUR CHAÎNE DE CÂBLE
1255;nl;1;/;TALO.YOU - KOKER VOOR KABELKETTING
1257;de;1;/;TALO.YOU - KABELKETTE F.BENCH ZENT. WANNE - KLAPPWA
1257;en;1;/;TALO.YOU - CABLE CHAIN FOR BENCH CABLE TRAY/CENTRAL CABLE TRAY
1257;fr;1;/;TALO.YOU - CHAÎNES À CÂBLES POUR BENCH GOULOTTE DE CÂBLAGE/GOULOTTE DE CÂBLAGE CENTRALE
1257;nl;1;/;TALO.YOU - KABELKETTING VOOR BENCH KABELGOOT/CENTRALE KABELGOOT
1259;de;1;/;TALO.YOU - KABELKETTE F.FIX/HV KABELWANNE - BODEN
1259;en;1;/;TALO.YOU - CABLE CHAIN FLOOR/CABLE TRAY FOR FIXED/ADJUSTABLE HEIGHT DESKS
1259;fr;1;/;TALO.YOU - CHAÎNE À CÂBLES SOL/GOULOTTE DE CÂBLAGE POUR TABLES EN HAUTEUR FIXE/RÉGLABLE
1259;nl;1;/;TALO.YOU - KABELKETTING VLOER/KABELGOOT VOOR TAFELS MET HOOGTE FIX/VERSTELLBAAR
1261;de;1;/;TALO.YOU - KABELKETTE F.FIX/HV PLATTE - BODEN
1261;en;1;/;TALO.YOU - CABLE CHAIN FLOOR/TOP FOR FIXED/ADJUSTABLE HEIGHT DESKS
1261;fr;1;/;TALO.YOU - CHAÎNE À CÂBLES SOL/PLATEAU POUR TABLES EN HAUTEUR FIXE/RÉGLABLE
1261;nl;1;/;TALO.YOU - KABELKETTING VLOER/BLAD VOOR TAFELS MET HOOGTE FIX/VERSTELLBAAR
1263;de;1;/;TALO.YOU - KABELKETTE F.LIFT/MOTOR PLATTE - KÖCHER
1263;en;1;/;TALO.YOU - CABLE CHAIN TOP/CABLE TUBE FOR MOTORIZED DESKS
1263;fr;1;/;TALO.YOU - CHAÎNE À CÂBLES PLATEAU/CARQUOIS À CÂBLE POUR TABLES À RÉGLAGE MOTORISÉ
1263;nl;1;/;TALO.YOU - KABELKETTING BLAD/KABELKOKER VOOR MOTORTAFELS
1265;de;1;/;TALO.YOU - KABELKETTE F.LIFT/MOTOR KABELWANNE-BODEN
1265;en;1;/;TALO.YOU - CABLE CHAIN FLOOR/CABLE TRAY FOR MOTORIZED DESKS
1265;fr;1;/;TALO.YOU - CHAÎNE À CÂBLES SOL/GOULOTTE DE CÂBLAGE POUR TABLES À RÉGLAGE MOTORISÉ
1265;nl;1;/;TALO.YOU - KABELKETTING VLOER/KABELGOOT VOOR MOTORTAFELS
1267;de;1;/;TALO.YOU - KABELKETTE F.LIFT/MOTOR PLATTE - BODEN
1267;en;1;/;TALO.YOU - CABLE CHAIN FLOOR/TOP FOR MOTORIZED DESKS
1267;fr;1;/;TALO.YOU - CHAÎNE À CÂBLES SOL/PLATEAU POUR TABLES À RÉGLAGE MOTORISÉ
1267;nl;1;/;TALO.YOU - KABELKETTING VLOER/BLAD VOOR MOTORTAFELS
1269;de;1;/;TALO.YOU - KONSOLE SEITL. DRUCKERANSATZ
1269;en;1;/;TALO.YOU - CONSOLE SIDE PRINTER TRAY
1269;fr;1;/;TALO.YOU - CONSOLE POUR CONSOLE LATÉRALE POUR IMPRIMANTE
1269;nl;1;/;TALO.YOU - CONSOLE VOOR ZIJBLAD VOOR PRINTER
1270;de;1;/;TALO.YOU - KABELSTRUMPF F.FIX/HV-VERSTELLUNG
1270;en;1;/;TALO.YOU - CABLE SLEEVE FOR FIXED/ADJUSTABLE HEIGHT
1270;fr;1;/;TALO.YOU - GAINE À CÂBLES POUR HAUTEUR FIXE/RÉGLABLE
1270;nl;1;/;TALO.YOU - KABELKOUS VOOR HOOGTE FIX/VERSTELLBAAR
1279;de;1;/;TALO.YOU - KABELSTRUMPF F.FIX/HV-VERSTELLUNG AN PLATTE
1279;en;1;/;TALO.YOU - CABLE SLEEVE FOR FIXED/ADJUSTABLE HEIGHT TO TOP
1279;fr;1;/;TALO.YOU - GAINE À CÂBLES POUR HAUTEUR FIXE/RÉGLABLE À PLATEAU
1279;nl;1;/;TALO.YOU - KABELKOUS VOOR HOOGTE FIX/VERSTELLBAAR AAN BLAD
1281;de;1;/;TALO.YOU - KABELSTRUMPF M.KLETTVERBINDUNG QUADRATR.
1281;en;1;/;TALO.YOU - CABLE SLEEVE FOR SQUARE TUBE
1281;fr;1;/;TALO.YOU - GAINE À CÂBLES POUR TUBE CARRÉ
1281;nl;1;/;TALO.YOU - KABELKOUS VOOR VIERKANT BUIS
1283;de;1;/;TALO.YOU - KABELSTRUMPF F.MOTORVERSTELLUNG
1283;en;1;/;TALO.YOU - CABLE SLEEVE FOR MOTORIZED HEIGHT ADJUSTEMENT
1283;fr;1;/;TALO.YOU - GAINE À CÂBLES  POUR RÉGLAGE MOTORISÉ
1283;nl;1;/;TALO.YOU - KABELKOUS VOOR MOTORVERSTELLING
1285;de;1;/;TALO.YOU - KABELSTRUMPF F.MOTORVERSTELLUNG AN PLATTE
1285;en;1;/;TALO.YOU - CABLE SLEEVE FOR MOTORIZED HEIGHT ADJUSTEMENT TO TOP
1285;fr;1;/;TALO.YOU - GAINE À CÂBLES  POUR RÉGLAGE MOTORISÉ À PLATEAU
1285;nl;1;/;TALO.YOU - KABELKOUS VOOR MOTORVERSTELLING AAN BLAD
1287;de;1;/;TALO.YOU - PERSONALBOX
1287;en;1;/;TALO.YOU - PERSONAL BOX
1287;fr;1;/;TALO.YOU - PERSONAL BOX
1287;nl;1;/;TALO.YOU - PERSONALBOX
1313;de;1;/;TALO.YOU - PLATTE SEITL. DRUCKERANSATZ
1313;en;1;/;TALO.YOU - TOP SIDE PRINTER TRAY
1313;fr;1;/;TALO.YOU - PLATEAU POUR CONSOLE LATÉRALE POUR IMPRIMANTE
1313;nl;1;/;TALO.YOU - BLAD ZIJBLAD VOOR PRINTER
1314;de;1;/;TALO.YOU - ROLLE F.FUSSAUSLEGER
1314;en;1;/;TALO.YOU - CASTOR F.CANTILEVER FOOT
1314;fr;1;/;TALO.YOU - ROULETTE P.PATTE
1314;nl;1;/;TALO.YOU - WIEL V.VOETSTEUN
1315;de;1;/;TALO.YOU - ROLLE FÜR MONOSÄULENTISCH TALO.YOU One
1315;en;1;/;TALO.YOU - CASTOR FOR MONOCOLUMN TABLE TALO.YOU One
1315;fr;1;/;TALO.YOU - ROULETTE POUR TABLE MONOCOLONNE TALO.YOU One
1315;nl;1;/;TALO.YOU - WIEL VOOR MONOZUIL TAFEL TALO.YOU One
1316;de;1;/;TALO.YOU - RUECKWANDVERBLENDUNG F.SCHREIBTISCH
1316;en;1;/;TALO.YOU - MODESTY PANEL FOR DESK
1316;fr;1;/;TALO.YOU - VOILE DE FOND POUR BUREAU DE TRAVAIL
1316;nl;1;/;TALO.YOU - ACHTERSCHOT VOOR BUREAUTAFEL
1328;de;1;/;TALO.YOU - RUECKWANDVERBLENDUNG F.STAFFELTISCH
1328;en;1;/;TALO.YOU - MODESTY PANEL FOR NESTING TABLE
1328;fr;1;/;TALO.YOU - VOILE DE FOND POUR TABLE EMBOÎTABLE
1328;nl;1;/;TALO.YOU - ACHTERSCHOT VOOR STAPELTAFEL
1330;de;1;/;TALO.YOU - SEITL.ANSATZPLATTE F.DRUCKER
1330;en;1;/;TALO.YOU - SIDE PRINTER SHELF
1330;fr;1;/;TALO.YOU - CONSOLE LATÉRALE POUR IMPRIMANTE
1330;nl;1;/;TALO.YOU - SIDE PRINTER SHELF
1332;de;1;/;TALO.YOU - SAEULENADAPTER DOPPELBENCH
1332;en;1;/;TALO.YOU - ADAPTER FOR COLUMN DOUBLE BENCH
1332;fr;1;/;TALO.YOU - ADAPTATEUR POUR COLONNE BENCH DOUBLE
1332;nl;1;/;TALO.YOU - ZUILADAPTER DUBBEL-BENCH
1333;de;1;/;TALO.YOU - SMART CPU-HALTER Z.BEF.U.TISCH
1333;en;1;/;TALO.YOU - SMART CPU-HOLDER TO FIT UNDER TABLE
1333;fr;1;/;TALO.YOU - POUR PORTE-UNITÉ CENTRAL SMART P.SOUS TABLE
1333;nl;1;/;TALO.YOU - SMART CPU-HOUDER ONDER TAFEL
1335;de;1;/;TALO.YOU - TOOLBOX
1335;en;1;/;TALO.YOU - TOOLBOX
1335;fr;1;/;TALO.YOU - TOOLBOX
1335;nl;1;/;TALO.YOU - TOOLBOX
1337;de;1;/;TALO.YOU - BECHER F.TOOLBOX
1337;en;1;/;TALO.YOU - BEAKER F.TOOLBOX
1337;fr;1;/;TALO.YOU - GOBELET P.TOOLBOX
1337;nl;1;/;TALO.YOU - BEKER V.TOOLBOX
1339;de;1;/;TALO.YOU - SEITL.WANGE F.SCHREIBTISCH IN TISCHTIEFE
1339;en;1;/;TALO.YOU - SLAB END F.DESK IN TABLE DEPTH
1339;fr;1;/;TALO.YOU - JOUE LATÉRALE P.TABLE DE BUREAU EN PROFONDEUR DE TABLE
1339;nl;1;/;TALO.YOU -ZIJWANG V.TAFEL IN TAFELDIEPTE
1340;de;1;/;TALO.YOU - HAKEN FÜR TOOLBOX
1340;en;1;/;TALO.YOU - HOOK FOR TOOLBOX
1340;fr;1;/;TALO.YOU - CROCHET POUR TOOLBOX
1340;nl;1;/;TALO.YOU - HAAK VOOR TOOLBOX
1341;de;1;/;TALO.YOU - UNTERBAUSCHUBLADE
1341;en;1;/;TALO.YOU - CHASSIS DRAWER
1341;fr;1;/;TALO.YOU - TIROIR BÂTI
1341;nl;1;/;TALO.YOU - ONDERBOUWLADE
1343;de;1;/;TALO.YOU - KABELWANNENUEBERBRUECKUNG
1343;en;1;/;TALO.YOU - CABLE TRAY BRIDGE
1343;fr;1;/;TALO.YOU - JONCTION POUR GOULOTTES DE CÂBLAGE
1343;nl;1;/;TALO.YOU - KABELGOOT-OVERBRUGGING
1345;de;1;/;TALO.YOU - VERBINDUNGSBL. TISCHPLATTEN 1400-1600MM
1345;en;1;/;TALO.YOU - CONNECTINGBL. TOPS 1400-1600MM
1345;fr;1;/;TALO.YOU - BL. DE CONNEXION PLATEAUX 1400-1600MM
1345;nl;1;/;TALO.YOU - VERBINDINGSBL. BLADEN 1400-1600MM
1346;de;1;/;TALO.YOU - VERBINDUNGSROHR TISCHPLATTEN 800-1200MM
1346;en;1;/;TALO.YOU - CONNECTING TUBE TOPS 800-1200MM
1346;fr;1;/;TALO.YOU - TUBE DE CONNEXION PLATEAUX 800-1200MM
1346;nl;1;/;TALO.YOU - VERBINDINGSBUIS BLADEN 800-1200MM
1347;de;1;/;TALO.YOU - VERBINDUNGSWINKEL F.ANBAU/RETURNTISCH
1347;en;1;/;TALO.YOU - CONNECTING BRACKET FOR EXTENSION/RETURN DESK
1347;fr;1;/;TALO.YOU - ÉQUERRE DE CONNEXION POUR TABLE JUXTAPOSABLE/TABLE DE RETOUR
1347;nl;1;/;TALO.YOU - VERBINDINGSHOEK VOOR AANBOUW-/RETURNTAFEL
1348;de;1;/;TALO.YOU - VERBINDUNGSTRAVERSE BENCH/BESPRECHUNG
1348;en;1;/;TALO.YOU - CONNECTION BEAM BENCH/MEETING
1348;fr;1;/;TALO.YOU - TRAVERSE DE LIAISON BENCH/RÉUNION
1348;nl;1;/;TALO.YOU - VERBINDINGSTRAVERSE BENCH/VERGADER
1351;de;1;/;TALO.YOU - GESTELL VIDEOKONFERENZ HALBE ACHTECKFORM
1351;en;1;/;TALO.YOU - FRAME VIDEO CONFERENCE TABLE HALF OCTAGONAL SHAPE
1351;fr;1;/;TALO.YOU - PIÉTEMENT TABLE DE VIDÉOCONFÉRENCE DE FORME SEMI-OCTOGONALE
1351;nl;1;/;TALO.YOU - FRAME VIDEOCONFERENTIETAFEL HALVE ACHTHOEKIGE VORM
1353;de;1;/;TALO.YOU - GESTELL VIDEOKONFERENZ RAUTEN
1353;en;1;/;TALO.YOU - FRAME VIDEO CONFERENCE TABLE DIAMOND SHAPE
1353;fr;1;/;TALO.YOU - PIÉTEMENT TABLE DE VIDÉOCONFÉRENCE EN FORME DE DIAMANT
1353;nl;1;/;TALO.YOU - FRAME VIDEOCONFERENTIETAFEL DIAMANT VORM
1354;de;1;/;TALO.YOU - VERB.KABEL F.STEUERUNGSBOX HV33
1354;en;1;/;TALO.YOU - CONNECTING LEAD FOR CONTROL BOX HV33
1354;fr;1;/;TALO.YOU - CÂBLE DE JONCTION POUR BOITE DE COMMANDE HV33
1354;nl;1;/;TALO.YOU - VERBINDINGSKABEL VOORBESTURINGSBOX HV33
1355;de;1;/;TALO.YOU - PLATTE VIDEOKONFERENZ HALBE ACHTECKFORM
1355;en;1;/;TALO.YOU - TOP VIDEO CONFERENCE TABLE HALF OCTAGONAL SHAPE
1355;fr;1;/;TALO.YOU - PLATEAU TABLE DE VIDÉOCONFÉRENCE DE FORME SEMI-OCTOGONALE
1355;nl;1;/;TALO.YOU - BLAD VIDEOCONFERENTIETAFEL HALVE ACHTHOEKIGE VORM
1358;de;1;/;TALO.YOU - PLATTE VIDEOKONFERENZ RAUTE
1358;en;1;/;TALO.YOU - TOP VIDEO CONFERENCE TABLE DIAMOND SHAPE
1358;fr;1;/;TALO.YOU - PLATEAU TABLE DE VIDÉOCONFÉRENCE EN FORME DE DIAMANT
1358;nl;1;/;TALO.YOU - BLAD VIDEOCONFERENTIETAFEL DIAMANT VORM
1359;de;1;/;TALO.YOU - VIDEOKONFERENZTISCH HALBE ACHTECKFORM
1359;en;1;/;TALO.YOU - VIDEO CONFERENCE TABLE HALF OCTAGONAL SHAPE
1359;fr;1;/;TALO.YOU - TABLE DE VIDÉOCONFÉRENCE DE FORME SEMI-OCTOGONALE
1359;nl;1;/;TALO.YOU - VIDEOCONFERENTIETAFEL HALVE ACHTHOEKIGE VORM
1362;de;1;/;TALO.YOU - VIDEOKONFERENZTISCH RAUTENFORM
1362;en;1;/;TALO.YOU - VIDEO CONFERENCE TABLE DIAMOND SHAPE
1362;fr;1;/;TALO.YOU - TABLE DE VIDÉOCONFÉRENCE EN FORME DE DIAMANT
1362;nl;1;/;TALO.YOU - VIDEOCONFERENTIETAFEL DIAMANT VORM
1364;de;1;/;TALO.YOU - KUPPLUNGSKABEL
1364;en;1;/;TALO.YOU - CONNECTION LEAD
1364;fr;1;/;TALO.YOU - CÂBLE DE COUPLAGE
1364;nl;1;/;TALO.YOU - KOPPELINGSKABEL
1366;de;1;/;TALO.YOU - STECKDOSE 3-FACH (3XSCHUKO)
1366;en;1;/;TALO.YOU - TRIPLE SOCKET MODULE (3XSCHUKO)
1366;fr;1;/;TALO.YOU - BLOC DE 3 PRISES (3XSCHUKO)
1366;nl;1;/;TALO.YOU - CONTACTDOOSELEMENT 3-VOUDIG (3XSCHUKO)
1368;de;1;/;TALO.YOU - E-SET,5XKLAMMERN,1X3FACH DOSE+ZUFUHRK.
1368;en;1;/;TALO.YOU - E-SET, 5CLIPS, TRIPLE SOCKET, MAINS LEAD
1368;fr;1;/;TALO.YOU - JEU D´ÉLECTRIFICATION,5PINCES,3PRISE,CABLE D'ALIMENTATION
1368;nl;1;/;TALO.YOU - E-SET, 5KABELKLEMMEN,1X3CONTACTDOOS, STROOMTOEVOERKABEL
1370;de;1;/;TALO.YOU - STECKDOSE MODULAR
1370;en;1;/;TALO.YOU - SOCKET MODULE MODULARE
1370;fr;1;/;TALO.YOU - BLOC DE PRISE MODULAIRE
1370;nl;1;/;TALO.YOU - CONTACTDOOS MODULAIRE
1375;de;1;/;TALO.YOU - STROMZUFÜHRUNGSKABEL 3500 MM
1375;en;1;/;TALO.YOU - MAINS LEAD 3500 MM
1375;fr;1;/;TALO.YOU - CÂBLE D’ALIMENTATION 3500 MM
1375;nl;1;/;TALO.YOU - STROOMTOEVOERKABEL 3500 MM
1377;de;1;/;TALO.YOU - STROMZUFUEHRUNGSKABEL MODULAR
1377;en;1;/;TALO.YOU - MAINS CABLE MODULARE
1377;fr;1;/;TALO.YOU - CÂBLE D´ALIMENTATION MODULAIRE
1377;nl;1;/;TALO.YOU - STROOMTOEVOERKABEL MODULAIRE
1378;de;1;/;TALO.YOU - ELEKTRO VERTEILER
1378;en;1;/;TALO.YOU - ELECTRIC SPLITTER
1378;fr;1;/;TALO.YOU - DISTRIBUTEUR ÉLECTRIQUE
1378;nl;1;/;TALO.YOU - ELEKTRO-VERDELER
1379;de;1;/;TALO.YOU - HEBELRIEGELSCHLOSS F.PERSONAL BOX
1379;en;1;/;TALO.YOU - LEVER LOCK F.PERSONAL BOX
1379;fr;1;/;TALO.YOU - SERRURE VERROU P.PERSONAL BOX
1379;nl;1;/;TALO.YOU - GRENDELSLOT V.PERSONAL BOX
